dc.identifier.uri,item.collection
01 CONTRIBUTO SU RIVISTA::01.1 Articolo in Rivista,http://hdl.handle.net/11311/1008679
01 CONTRIBUTO SU RIVISTA::01.1 Articolo in Rivista,http://hdl.handle.net/11311/1010141
02 CONTRIBUTO IN VOLUME::02.1 Contributo in Volume,http://hdl.handle.net/11311/1018274
06 CURATELA::06.1 Curatela,http://hdl.handle.net/11311/1018728
02 CONTRIBUTO IN VOLUME::02.1 Contributo in Volume,http://hdl.handle.net/11311/1018736
07 ALTRO::07.13 Progetti,http://hdl.handle.net/11311/1019017
07 ALTRO::07.13 Progetti,http://hdl.handle.net/11311/1019072
03 LIBRO::03.1 Monografia o trattato scientifico,http://hdl.handle.net/11311/1019544
02 CONTRIBUTO IN VOLUME::02.1 Contributo in Volume,http://hdl.handle.net/11311/1020425
02 CONTRIBUTO IN VOLUME::02.1 Contributo in Volume,http://hdl.handle.net/11311/1022213
02 CONTRIBUTO IN VOLUME::02.1 Contributo in Volume,http://hdl.handle.net/11311/1025429
02 CONTRIBUTO IN VOLUME::02.1 Contributo in Volume,http://hdl.handle.net/11311/1025430
01 CONTRIBUTO SU RIVISTA::01.1 Articolo in Rivista,http://hdl.handle.net/11311/1028407
01 CONTRIBUTO SU RIVISTA::01.1 Articolo in Rivista,http://hdl.handle.net/11311/1031994
01 CONTRIBUTO SU RIVISTA::01.1 Articolo in Rivista,http://hdl.handle.net/11311/1039705
07 ALTRO::07.13 Progetti,http://hdl.handle.net/11311/1041126
07 ALTRO::07.13 Progetti,http://hdl.handle.net/11311/1041134
07 ALTRO::07.13 Progetti,http://hdl.handle.net/11311/1041173
02 CONTRIBUTO IN VOLUME::02.1 Contributo in Volume,http://hdl.handle.net/11311/1044154
01 CONTRIBUTO SU RIVISTA::01.2 Recensione in Rivista,http://hdl.handle.net/11311/1044371
02 CONTRIBUTO IN VOLUME::02.1 Contributo in Volume,http://hdl.handle.net/11311/1044536
07 ALTRO::07.06 Mostra,http://hdl.handle.net/11311/1047003
04 CONTRIBUTO IN ATTI DI CONVEGNO::04.1 Contributo in Atti di convegno,http://hdl.handle.net/11311/1049500
01 CONTRIBUTO SU RIVISTA::01.1 Articolo in Rivista,http://hdl.handle.net/11311/1054884
01 CONTRIBUTO SU RIVISTA::01.1 Articolo in Rivista,http://hdl.handle.net/11311/1054885
02 CONTRIBUTO IN VOLUME::02.1 Contributo in Volume,http://hdl.handle.net/11311/1055779
02 CONTRIBUTO IN VOLUME::02.1 Contributo in Volume,http://hdl.handle.net/11311/242828
02 CONTRIBUTO IN VOLUME::02.1 Contributo in Volume,http://hdl.handle.net/11311/248325
