dc.identifier.uri,item.collection
06 CURATELA::06.1 Curatela,http://hdl.handle.net/11311/1001967
06 CURATELA::06.1 Curatela,http://hdl.handle.net/11311/1010369
06 CURATELA::06.1 Curatela,http://hdl.handle.net/11311/1014755
06 CURATELA::06.1 Curatela,http://hdl.handle.net/11311/1017992
06 CURATELA::06.1 Curatela,http://hdl.handle.net/11311/1018215
06 CURATELA::06.1 Curatela,http://hdl.handle.net/11311/1018276
06 CURATELA::06.1 Curatela,http://hdl.handle.net/11311/1018728
06 CURATELA::06.1 Curatela,http://hdl.handle.net/11311/1019707
06 CURATELA::06.1 Curatela,http://hdl.handle.net/11311/1020345
06 CURATELA::06.1 Curatela,http://hdl.handle.net/11311/1022046
06 CURATELA::06.1 Curatela,http://hdl.handle.net/11311/1022049
06 CURATELA::06.1 Curatela,http://hdl.handle.net/11311/1022052
06 CURATELA::06.1 Curatela,http://hdl.handle.net/11311/1022056
06 CURATELA::06.1 Curatela,http://hdl.handle.net/11311/1022206
06 CURATELA::06.1 Curatela,http://hdl.handle.net/11311/1025426
06 CURATELA::06.1 Curatela,http://hdl.handle.net/11311/1027333
06 CURATELA::06.1 Curatela,http://hdl.handle.net/11311/1029039
06 CURATELA::06.1 Curatela,http://hdl.handle.net/11311/1029705
06 CURATELA::06.1 Curatela,http://hdl.handle.net/11311/1029970
06 CURATELA::06.1 Curatela,http://hdl.handle.net/11311/1030921
06 CURATELA::06.1 Curatela,http://hdl.handle.net/11311/1032566
06 CURATELA::06.1 Curatela,http://hdl.handle.net/11311/1032568
06 CURATELA::06.1 Curatela,http://hdl.handle.net/11311/1034524
06 CURATELA::06.1 Curatela,http://hdl.handle.net/11311/1034704
06 CURATELA::06.1 Curatela,http://hdl.handle.net/11311/1036271
06 CURATELA::06.1 Curatela,http://hdl.handle.net/11311/1037549
06 CURATELA::06.1 Curatela,http://hdl.handle.net/11311/1038612
06 CURATELA::06.1 Curatela,http://hdl.handle.net/11311/1039135
06 CURATELA::06.1 Curatela,http://hdl.handle.net/11311/1041528
06 CURATELA::06.1 Curatela,http://hdl.handle.net/11311/1043448
06 CURATELA::06.1 Curatela,http://hdl.handle.net/11311/1044119
06 CURATELA::06.1 Curatela,http://hdl.handle.net/11311/1044733
06 CURATELA::06.1 Curatela,http://hdl.handle.net/11311/1045991
06 CURATELA::06.1 Curatela,http://hdl.handle.net/11311/1047158
06 CURATELA::06.1 Curatela,http://hdl.handle.net/11311/1047664
06 CURATELA::06.1 Curatela,http://hdl.handle.net/11311/1049919
06 CURATELA::06.1 Curatela,http://hdl.handle.net/11311/1050322
06 CURATELA::06.1 Curatela,http://hdl.handle.net/11311/1050387
06 CURATELA::06.1 Curatela,http://hdl.handle.net/11311/1050659
06 CURATELA::06.1 Curatela,http://hdl.handle.net/11311/1050922
06 CURATELA::06.1 Curatela,http://hdl.handle.net/11311/1051658
06 CURATELA::06.1 Curatela,http://hdl.handle.net/11311/1052991
06 CURATELA::06.1 Curatela,http://hdl.handle.net/11311/1054875
06 CURATELA::06.1 Curatela,http://hdl.handle.net/11311/1060909
06 CURATELA::06.1 Curatela,http://hdl.handle.net/11311/1063176
06 CURATELA::06.1 Curatela,http://hdl.handle.net/11311/1065156
06 CURATELA::06.1 Curatela,http://hdl.handle.net/11311/242611
06 CURATELA::06.1 Curatela,http://hdl.handle.net/11311/242676
06 CURATELA::06.1 Curatela,http://hdl.handle.net/11311/242853
06 CURATELA::06.1 Curatela,http://hdl.handle.net/11311/242885
06 CURATELA::06.1 Curatela,http://hdl.handle.net/11311/243592
06 CURATELA::06.1 Curatela,http://hdl.handle.net/11311/244604
06 CURATELA::06.1 Curatela,http://hdl.handle.net/11311/246819
06 CURATELA::06.1 Curatela,http://hdl.handle.net/11311/247158
06 CURATELA::06.1 Curatela,http://hdl.handle.net/11311/250135
06 CURATELA::06.1 Curatela,http://hdl.handle.net/11311/250929
06 CURATELA::06.1 Curatela,http://hdl.handle.net/11311/251057
06 CURATELA::06.1 Curatela,http://hdl.handle.net/11311/251168
06 CURATELA::06.1 Curatela,http://hdl.handle.net/11311/254410
06 CURATELA::06.1 Curatela,http://hdl.handle.net/11311/255146
06 CURATELA::06.1 Curatela,http://hdl.handle.net/11311/255226
06 CURATELA::06.1 Curatela,http://hdl.handle.net/11311/257240
06 CURATELA::06.1 Curatela,http://hdl.handle.net/11311/258844
06 CURATELA::06.1 Curatela,http://hdl.handle.net/11311/261995
06 CURATELA::06.1 Curatela,http://hdl.handle.net/11311/262254
06 CURATELA::06.1 Curatela,http://hdl.handle.net/11311/263492
06 CURATELA::06.1 Curatela,http://hdl.handle.net/11311/264497
06 CURATELA::06.1 Curatela,http://hdl.handle.net/11311/264969
06 CURATELA::06.1 Curatela,http://hdl.handle.net/11311/266768
06 CURATELA::06.1 Curatela,http://hdl.handle.net/11311/267750
06 CURATELA::06.1 Curatela,http://hdl.handle.net/11311/268961
06 CURATELA::06.1 Curatela,http://hdl.handle.net/11311/269198
06 CURATELA::06.1 Curatela,http://hdl.handle.net/11311/269762
06 CURATELA::06.1 Curatela,http://hdl.handle.net/11311/269994
06 CURATELA::06.1 Curatela,http://hdl.handle.net/11311/270178
06 CURATELA::06.1 Curatela,http://hdl.handle.net/11311/274057
06 CURATELA::06.1 Curatela,http://hdl.handle.net/11311/274058
06 CURATELA::06.1 Curatela,http://hdl.handle.net/11311/274162
06 CURATELA::06.1 Curatela,http://hdl.handle.net/11311/504076
06 CURATELA::06.1 Curatela,http://hdl.handle.net/11311/504078
06 CURATELA::06.1 Curatela,http://hdl.handle.net/11311/504083
06 CURATELA::06.1 Curatela,http://hdl.handle.net/11311/504231
06 CURATELA::06.1 Curatela,http://hdl.handle.net/11311/504754
06 CURATELA::06.1 Curatela,http://hdl.handle.net/11311/532240
06 CURATELA::06.1 Curatela,http://hdl.handle.net/11311/532241
06 CURATELA::06.1 Curatela,http://hdl.handle.net/11311/532242
06 CURATELA::06.1 Curatela,http://hdl.handle.net/11311/532243
06 CURATELA::06.1 Curatela,http://hdl.handle.net/11311/532244
06 CURATELA::06.1 Curatela,http://hdl.handle.net/11311/532245
06 CURATELA::06.1 Curatela,http://hdl.handle.net/11311/532273
06 CURATELA::06.1 Curatela,http://hdl.handle.net/11311/532286
06 CURATELA::06.1 Curatela,http://hdl.handle.net/11311/532294
06 CURATELA::06.1 Curatela,http://hdl.handle.net/11311/532312
06 CURATELA::06.1 Curatela,http://hdl.handle.net/11311/532316
06 CURATELA::06.1 Curatela,http://hdl.handle.net/11311/532321
06 CURATELA::06.1 Curatela,http://hdl.handle.net/11311/532322
06 CURATELA::06.1 Curatela,http://hdl.handle.net/11311/532323
06 CURATELA::06.1 Curatela,http://hdl.handle.net/11311/532324
06 CURATELA::06.1 Curatela,http://hdl.handle.net/11311/532345
06 CURATELA::06.1 Curatela,http://hdl.handle.net/11311/532346
06 CURATELA::06.1 Curatela,http://hdl.handle.net/11311/532349
06 CURATELA::06.1 Curatela,http://hdl.handle.net/11311/532352
06 CURATELA::06.1 Curatela,http://hdl.handle.net/11311/532384
06 CURATELA::06.1 Curatela,http://hdl.handle.net/11311/532385
06 CURATELA::06.1 Curatela,http://hdl.handle.net/11311/532386
06 CURATELA::06.1 Curatela,http://hdl.handle.net/11311/532388
06 CURATELA::06.1 Curatela,http://hdl.handle.net/11311/532416
06 CURATELA::06.1 Curatela,http://hdl.handle.net/11311/532418
06 CURATELA::06.1 Curatela,http://hdl.handle.net/11311/532420
06 CURATELA::06.1 Curatela,http://hdl.handle.net/11311/532437
06 CURATELA::06.1 Curatela,http://hdl.handle.net/11311/532511
06 CURATELA::06.1 Curatela,http://hdl.handle.net/11311/532513
06 CURATELA::06.1 Curatela,http://hdl.handle.net/11311/532533
06 CURATELA::06.1 Curatela,http://hdl.handle.net/11311/532543
06 CURATELA::06.1 Curatela,http://hdl.handle.net/11311/532575
06 CURATELA::06.1 Curatela,http://hdl.handle.net/11311/532576
06 CURATELA::06.1 Curatela,http://hdl.handle.net/11311/532644
06 CURATELA::06.1 Curatela,http://hdl.handle.net/11311/532706
06 CURATELA::06.1 Curatela,http://hdl.handle.net/11311/532707
06 CURATELA::06.1 Curatela,http://hdl.handle.net/11311/532713
06 CURATELA::06.1 Curatela,http://hdl.handle.net/11311/532714
06 CURATELA::06.1 Curatela,http://hdl.handle.net/11311/532715
06 CURATELA::06.1 Curatela,http://hdl.handle.net/11311/532726
06 CURATELA::06.1 Curatela,http://hdl.handle.net/11311/532728
06 CURATELA::06.1 Curatela,http://hdl.handle.net/11311/532729
06 CURATELA::06.1 Curatela,http://hdl.handle.net/11311/532782
06 CURATELA::06.1 Curatela,http://hdl.handle.net/11311/532787
06 CURATELA::06.1 Curatela,http://hdl.handle.net/11311/532856
06 CURATELA::06.1 Curatela,http://hdl.handle.net/11311/544080
06 CURATELA::06.1 Curatela,http://hdl.handle.net/11311/545230
06 CURATELA::06.1 Curatela,http://hdl.handle.net/11311/546441
06 CURATELA::06.1 Curatela,http://hdl.handle.net/11311/547653
06 CURATELA::06.1 Curatela,http://hdl.handle.net/11311/547668
06 CURATELA::06.1 Curatela,http://hdl.handle.net/11311/547790
06 CURATELA::06.1 Curatela,http://hdl.handle.net/11311/547903
06 CURATELA::06.1 Curatela,http://hdl.handle.net/11311/548046
06 CURATELA::06.1 Curatela,http://hdl.handle.net/11311/549670
06 CURATELA::06.1 Curatela,http://hdl.handle.net/11311/549834
06 CURATELA::06.1 Curatela,http://hdl.handle.net/11311/550371
06 CURATELA::06.1 Curatela,http://hdl.handle.net/11311/551602
06 CURATELA::06.1 Curatela,http://hdl.handle.net/11311/551625
06 CURATELA::06.1 Curatela,http://hdl.handle.net/11311/551626
06 CURATELA::06.1 Curatela,http://hdl.handle.net/11311/551633
06 CURATELA::06.1 Curatela,http://hdl.handle.net/11311/552831
06 CURATELA::06.1 Curatela,http://hdl.handle.net/11311/552839
06 CURATELA::06.1 Curatela,http://hdl.handle.net/11311/552855
06 CURATELA::06.1 Curatela,http://hdl.handle.net/11311/552861
06 CURATELA::06.1 Curatela,http://hdl.handle.net/11311/552867
06 CURATELA::06.1 Curatela,http://hdl.handle.net/11311/552868
06 CURATELA::06.1 Curatela,http://hdl.handle.net/11311/552960
06 CURATELA::06.1 Curatela,http://hdl.handle.net/11311/553865
06 CURATELA::06.1 Curatela,http://hdl.handle.net/11311/554612
06 CURATELA::06.1 Curatela,http://hdl.handle.net/11311/554653
06 CURATELA::06.1 Curatela,http://hdl.handle.net/11311/557131
06 CURATELA::06.1 Curatela,http://hdl.handle.net/11311/557135
06 CURATELA::06.1 Curatela,http://hdl.handle.net/11311/558159
06 CURATELA::06.1 Curatela,http://hdl.handle.net/11311/558164
06 CURATELA::06.1 Curatela,http://hdl.handle.net/11311/558165
06 CURATELA::06.1 Curatela,http://hdl.handle.net/11311/561410
06 CURATELA::06.1 Curatela,http://hdl.handle.net/11311/561513
06 CURATELA::06.1 Curatela,http://hdl.handle.net/11311/561522
06 CURATELA::06.1 Curatela,http://hdl.handle.net/11311/561919
06 CURATELA::06.1 Curatela,http://hdl.handle.net/11311/562603
06 CURATELA::06.1 Curatela,http://hdl.handle.net/11311/562688
06 CURATELA::06.1 Curatela,http://hdl.handle.net/11311/562762
06 CURATELA::06.1 Curatela,http://hdl.handle.net/11311/563132
06 CURATELA::06.1 Curatela,http://hdl.handle.net/11311/563222
06 CURATELA::06.1 Curatela,http://hdl.handle.net/11311/563379
06 CURATELA::06.1 Curatela,http://hdl.handle.net/11311/563400
06 CURATELA::06.1 Curatela,http://hdl.handle.net/11311/563448
06 CURATELA::06.1 Curatela,http://hdl.handle.net/11311/563652
06 CURATELA::06.1 Curatela,http://hdl.handle.net/11311/563656
06 CURATELA::06.1 Curatela,http://hdl.handle.net/11311/563672
06 CURATELA::06.1 Curatela,http://hdl.handle.net/11311/563711
06 CURATELA::06.1 Curatela,http://hdl.handle.net/11311/563723
06 CURATELA::06.1 Curatela,http://hdl.handle.net/11311/563857
06 CURATELA::06.1 Curatela,http://hdl.handle.net/11311/564066
06 CURATELA::06.1 Curatela,http://hdl.handle.net/11311/564075
06 CURATELA::06.1 Curatela,http://hdl.handle.net/11311/564221
06 CURATELA::06.1 Curatela,http://hdl.handle.net/11311/564563
06 CURATELA::06.1 Curatela,http://hdl.handle.net/11311/568386
06 CURATELA::06.1 Curatela,http://hdl.handle.net/11311/568390
06 CURATELA::06.1 Curatela,http://hdl.handle.net/11311/568593
06 CURATELA::06.1 Curatela,http://hdl.handle.net/11311/570243
06 CURATELA::06.1 Curatela,http://hdl.handle.net/11311/570619
06 CURATELA::06.1 Curatela,http://hdl.handle.net/11311/572638
06 CURATELA::06.1 Curatela,http://hdl.handle.net/11311/573359
06 CURATELA::06.1 Curatela,http://hdl.handle.net/11311/574067
06 CURATELA::06.1 Curatela,http://hdl.handle.net/11311/574885
06 CURATELA::06.1 Curatela,http://hdl.handle.net/11311/574951
06 CURATELA::06.1 Curatela,http://hdl.handle.net/11311/575286
06 CURATELA::06.1 Curatela,http://hdl.handle.net/11311/575288
06 CURATELA::06.1 Curatela,http://hdl.handle.net/11311/576680
06 CURATELA::06.1 Curatela,http://hdl.handle.net/11311/578005
06 CURATELA::06.1 Curatela,http://hdl.handle.net/11311/578301
06 CURATELA::06.1 Curatela,http://hdl.handle.net/11311/578522
06 CURATELA::06.1 Curatela,http://hdl.handle.net/11311/579241
06 CURATELA::06.1 Curatela,http://hdl.handle.net/11311/579322
06 CURATELA::06.1 Curatela,http://hdl.handle.net/11311/580803
06 CURATELA::06.1 Curatela,http://hdl.handle.net/11311/580903
06 CURATELA::06.1 Curatela,http://hdl.handle.net/11311/580905
06 CURATELA::06.1 Curatela,http://hdl.handle.net/11311/582065
06 CURATELA::06.1 Curatela,http://hdl.handle.net/11311/582693
06 CURATELA::06.1 Curatela,http://hdl.handle.net/11311/583474
06 CURATELA::06.1 Curatela,http://hdl.handle.net/11311/583494
06 CURATELA::06.1 Curatela,http://hdl.handle.net/11311/583495
06 CURATELA::06.1 Curatela,http://hdl.handle.net/11311/583875
06 CURATELA::06.1 Curatela,http://hdl.handle.net/11311/604685
06 CURATELA::06.1 Curatela,http://hdl.handle.net/11311/605680
06 CURATELA::06.1 Curatela,http://hdl.handle.net/11311/608307
06 CURATELA::06.1 Curatela,http://hdl.handle.net/11311/608399
06 CURATELA::06.1 Curatela,http://hdl.handle.net/11311/608400
06 CURATELA::06.1 Curatela,http://hdl.handle.net/11311/609276
06 CURATELA::06.1 Curatela,http://hdl.handle.net/11311/609277
06 CURATELA::06.1 Curatela,http://hdl.handle.net/11311/609278
06 CURATELA::06.1 Curatela,http://hdl.handle.net/11311/609279
06 CURATELA::06.1 Curatela,http://hdl.handle.net/11311/614714
06 CURATELA::06.1 Curatela,http://hdl.handle.net/11311/630994
06 CURATELA::06.1 Curatela,http://hdl.handle.net/11311/632812
06 CURATELA::06.1 Curatela,http://hdl.handle.net/11311/635446
06 CURATELA::06.1 Curatela,http://hdl.handle.net/11311/639706
06 CURATELA::06.1 Curatela,http://hdl.handle.net/11311/640323
06 CURATELA::06.1 Curatela,http://hdl.handle.net/11311/641735
06 CURATELA::06.1 Curatela,http://hdl.handle.net/11311/642126
06 CURATELA::06.1 Curatela,http://hdl.handle.net/11311/642133
06 CURATELA::06.1 Curatela,http://hdl.handle.net/11311/643730
06 CURATELA::06.1 Curatela,http://hdl.handle.net/11311/645146
06 CURATELA::06.1 Curatela,http://hdl.handle.net/11311/657540
06 CURATELA::06.1 Curatela,http://hdl.handle.net/11311/657544
06 CURATELA::06.1 Curatela,http://hdl.handle.net/11311/660156
06 CURATELA::06.1 Curatela,http://hdl.handle.net/11311/660207
06 CURATELA::06.1 Curatela,http://hdl.handle.net/11311/660210
06 CURATELA::06.1 Curatela,http://hdl.handle.net/11311/660214
06 CURATELA::06.1 Curatela,http://hdl.handle.net/11311/660626
06 CURATELA::06.1 Curatela,http://hdl.handle.net/11311/662196
06 CURATELA::06.1 Curatela,http://hdl.handle.net/11311/662224
06 CURATELA::06.1 Curatela,http://hdl.handle.net/11311/662385
06 CURATELA::06.1 Curatela,http://hdl.handle.net/11311/664557
06 CURATELA::06.1 Curatela,http://hdl.handle.net/11311/666015
06 CURATELA::06.1 Curatela,http://hdl.handle.net/11311/666284
06 CURATELA::06.1 Curatela,http://hdl.handle.net/11311/666288
06 CURATELA::06.1 Curatela,http://hdl.handle.net/11311/666304
06 CURATELA::06.1 Curatela,http://hdl.handle.net/11311/666945
06 CURATELA::06.1 Curatela,http://hdl.handle.net/11311/668544
06 CURATELA::06.1 Curatela,http://hdl.handle.net/11311/685510
06 CURATELA::06.1 Curatela,http://hdl.handle.net/11311/686839
06 CURATELA::06.1 Curatela,http://hdl.handle.net/11311/686857
06 CURATELA::06.1 Curatela,http://hdl.handle.net/11311/686921
06 CURATELA::06.1 Curatela,http://hdl.handle.net/11311/686977
06 CURATELA::06.1 Curatela,http://hdl.handle.net/11311/688067
06 CURATELA::06.1 Curatela,http://hdl.handle.net/11311/688715
06 CURATELA::06.1 Curatela,http://hdl.handle.net/11311/690076
06 CURATELA::06.1 Curatela,http://hdl.handle.net/11311/690135
06 CURATELA::06.1 Curatela,http://hdl.handle.net/11311/690713
06 CURATELA::06.1 Curatela,http://hdl.handle.net/11311/690865
06 CURATELA::06.1 Curatela,http://hdl.handle.net/11311/691044
06 CURATELA::06.1 Curatela,http://hdl.handle.net/11311/691257
06 CURATELA::06.1 Curatela,http://hdl.handle.net/11311/691292
06 CURATELA::06.1 Curatela,http://hdl.handle.net/11311/692776
06 CURATELA::06.1 Curatela,http://hdl.handle.net/11311/692782
06 CURATELA::06.1 Curatela,http://hdl.handle.net/11311/692920
06 CURATELA::06.1 Curatela,http://hdl.handle.net/11311/692927
06 CURATELA::06.1 Curatela,http://hdl.handle.net/11311/692932
06 CURATELA::06.1 Curatela,http://hdl.handle.net/11311/692937
06 CURATELA::06.1 Curatela,http://hdl.handle.net/11311/692962
06 CURATELA::06.1 Curatela,http://hdl.handle.net/11311/692964
06 CURATELA::06.1 Curatela,http://hdl.handle.net/11311/692966
06 CURATELA::06.1 Curatela,http://hdl.handle.net/11311/693207
06 CURATELA::06.1 Curatela,http://hdl.handle.net/11311/693436
06 CURATELA::06.1 Curatela,http://hdl.handle.net/11311/693611
06 CURATELA::06.1 Curatela,http://hdl.handle.net/11311/694018
06 CURATELA::06.1 Curatela,http://hdl.handle.net/11311/694021
06 CURATELA::06.1 Curatela,http://hdl.handle.net/11311/694273
06 CURATELA::06.1 Curatela,http://hdl.handle.net/11311/720345
06 CURATELA::06.1 Curatela,http://hdl.handle.net/11311/720347
06 CURATELA::06.1 Curatela,http://hdl.handle.net/11311/731991
06 CURATELA::06.1 Curatela,http://hdl.handle.net/11311/732594
06 CURATELA::06.1 Curatela,http://hdl.handle.net/11311/739371
06 CURATELA::06.1 Curatela,http://hdl.handle.net/11311/739372
06 CURATELA::06.1 Curatela,http://hdl.handle.net/11311/751616
06 CURATELA::06.1 Curatela,http://hdl.handle.net/11311/758444
06 CURATELA::06.1 Curatela,http://hdl.handle.net/11311/758930
06 CURATELA::06.1 Curatela,http://hdl.handle.net/11311/758932
06 CURATELA::06.1 Curatela,http://hdl.handle.net/11311/758933
06 CURATELA::06.1 Curatela,http://hdl.handle.net/11311/764761
06 CURATELA::06.1 Curatela,http://hdl.handle.net/11311/768889
06 CURATELA::06.1 Curatela,http://hdl.handle.net/11311/768890
06 CURATELA::06.1 Curatela,http://hdl.handle.net/11311/768891
06 CURATELA::06.1 Curatela,http://hdl.handle.net/11311/769058
06 CURATELA::06.1 Curatela,http://hdl.handle.net/11311/769060
06 CURATELA::06.1 Curatela,http://hdl.handle.net/11311/796926
06 CURATELA::06.1 Curatela,http://hdl.handle.net/11311/804936
06 CURATELA::06.1 Curatela,http://hdl.handle.net/11311/815123
06 CURATELA::06.1 Curatela,http://hdl.handle.net/11311/848734
06 CURATELA::06.1 Curatela,http://hdl.handle.net/11311/861818
06 CURATELA::06.1 Curatela,http://hdl.handle.net/11311/862572
06 CURATELA::06.1 Curatela,http://hdl.handle.net/11311/869980
06 CURATELA::06.1 Curatela,http://hdl.handle.net/11311/872756
06 CURATELA::06.1 Curatela,http://hdl.handle.net/11311/880557
06 CURATELA::06.1 Curatela,http://hdl.handle.net/11311/881646
06 CURATELA::06.1 Curatela,http://hdl.handle.net/11311/881651
06 CURATELA::06.1 Curatela,http://hdl.handle.net/11311/881657
06 CURATELA::06.1 Curatela,http://hdl.handle.net/11311/924155
06 CURATELA::06.1 Curatela,http://hdl.handle.net/11311/930955
06 CURATELA::06.1 Curatela,http://hdl.handle.net/11311/935762
06 CURATELA::06.1 Curatela,http://hdl.handle.net/11311/935990
06 CURATELA::06.1 Curatela,http://hdl.handle.net/11311/935991
06 CURATELA::06.1 Curatela,http://hdl.handle.net/11311/941559
06 CURATELA::06.1 Curatela,http://hdl.handle.net/11311/942187
06 CURATELA::06.1 Curatela,http://hdl.handle.net/11311/943765
06 CURATELA::06.1 Curatela,http://hdl.handle.net/11311/943785
06 CURATELA::06.1 Curatela,http://hdl.handle.net/11311/956158
06 CURATELA::06.1 Curatela,http://hdl.handle.net/11311/956761
06 CURATELA::06.1 Curatela,http://hdl.handle.net/11311/958189
06 CURATELA::06.1 Curatela,http://hdl.handle.net/11311/960392
06 CURATELA::06.1 Curatela,http://hdl.handle.net/11311/965932
06 CURATELA::06.1 Curatela,http://hdl.handle.net/11311/965937
06 CURATELA::06.1 Curatela,http://hdl.handle.net/11311/970615
06 CURATELA::06.1 Curatela,http://hdl.handle.net/11311/971299
06 CURATELA::06.1 Curatela,http://hdl.handle.net/11311/971911
06 CURATELA::06.1 Curatela,http://hdl.handle.net/11311/971930
06 CURATELA::06.1 Curatela,http://hdl.handle.net/11311/971931
06 CURATELA::06.1 Curatela,http://hdl.handle.net/11311/972804
06 CURATELA::06.1 Curatela,http://hdl.handle.net/11311/973605
06 CURATELA::06.1 Curatela,http://hdl.handle.net/11311/974893
06 CURATELA::06.1 Curatela,http://hdl.handle.net/11311/975705
06 CURATELA::06.1 Curatela,http://hdl.handle.net/11311/978765
06 CURATELA::06.1 Curatela,http://hdl.handle.net/11311/979647
06 CURATELA::06.1 Curatela,http://hdl.handle.net/11311/980210
06 CURATELA::06.1 Curatela,http://hdl.handle.net/11311/984690
06 CURATELA::06.1 Curatela,http://hdl.handle.net/11311/985756
06 CURATELA::06.1 Curatela,http://hdl.handle.net/11311/986587
06 CURATELA::06.1 Curatela,http://hdl.handle.net/11311/989802
06 CURATELA::06.1 Curatela,http://hdl.handle.net/11311/989810
06 CURATELA::06.1 Curatela,http://hdl.handle.net/11311/989812
06 CURATELA::06.1 Curatela,http://hdl.handle.net/11311/989815
06 CURATELA::06.1 Curatela,http://hdl.handle.net/11311/994993
06 CURATELA::06.1 Curatela,http://hdl.handle.net/11311/995591
06 CURATELA::06.1 Curatela,http://hdl.handle.net/11311/999106
