dc.type.full,dc.identifier.uri,dc.date.issued,dc.title,dc.authority.people
06 CURATELA::06.1 Curatela,http://hdl.handle.net/11311/660207,1989,Proiezioni urbane. La realtà dell'immaginario,"GALBIATI, MARIA LUISA"
06 CURATELA::06.1 Curatela,http://hdl.handle.net/11311/564075,1990,Nuove vie del design in Giappone.,"L. Migliore;PICCINNO, GIOVANNA;M. Servetto"
06 CURATELA::06.1 Curatela,http://hdl.handle.net/11311/660210,1991,Alessandro Mendini. La poltrona di proust,"GALBIATI, MARIA LUISA"
06 CURATELA::06.1 Curatela,http://hdl.handle.net/11311/660626,1991,Lo sguardo discreto. habitat e fotografia,"GALBIATI, MARIA LUISA"
06 CURATELA::06.1 Curatela,http://hdl.handle.net/11311/570619,1992,I trasporti e l'industria,"PONTI, MARCO GUIDO"
06 CURATELA::06.1 Curatela,http://hdl.handle.net/11311/660214,1992,Soglie urbane. Uno sguardo fotografico sul territorio,"GALBIATI, MARIA LUISA"
06 CURATELA::06.1 Curatela,http://hdl.handle.net/11311/504083,1995,Erich Przywara. Analogia entis,"VOLONTE', PAOLO GAETANO"
06 CURATELA::06.1 Curatela,http://hdl.handle.net/11311/660156,1996,Fotografia e paesaggio. La rappresentazione fotografica del territorio,"GALBIATI, MARIA LUISA;P. Pozzi;R. Signorini"
06 CURATELA::06.1 Curatela,http://hdl.handle.net/11311/504078,1997,Max Weber. La scienza come professione,"VOLONTE', PAOLO GAETANO"
06 CURATELA::06.1 Curatela,http://hdl.handle.net/11311/532644,1997,"L’architettura moderna del Novecento (Modern Architecture since 1900),","BARBARA, ANNA;RODRIQUEZ C."
06 CURATELA::06.1 Curatela,http://hdl.handle.net/11311/562603,1997,Luciano Baldessari nelle carte del suo archivio,"CIAGA', GRAZIELLA LEYLA"
06 CURATELA::06.1 Curatela,http://hdl.handle.net/11311/532728,1998,"Progetto, processo, prodotto. Variabili di innovazione","PENATI, ANTONELLA VALERIA;SEASSARO A."
06 CURATELA::06.1 Curatela,http://hdl.handle.net/11311/693611,1998,Niki de Saint Phalle the Tarot Garden,"MAZZANTI, ANNA"
06 CURATELA::06.1 Curatela,http://hdl.handle.net/11311/504076,1999,Max Weber. L'etica della responsabilità,"VOLONTE', PAOLO GAETANO"
06 CURATELA::06.1 Curatela,http://hdl.handle.net/11311/532384,1999,Auditorium di Milano. Una casa per la musica,"ZINGALE, SALVATORE"
06 CURATELA::06.1 Curatela,http://hdl.handle.net/11311/532856,2000,"12 Progetti per Pompei. Un sistema d'identità visiva per la Soprintendenza archeologica, Catalogo della mostra, Napoli - Palazzo Reale 10-28 nov., Soprintendenza archeologica di Pompei,","RICCO', DINA"
06 CURATELA::06.1 Curatela,http://hdl.handle.net/11311/558159,2000,Design Plus Research: proceedings of the Politecnico di Milano conference,"PIZZOCARO, SILVIA LUISA;A. Arruda;D. De Moraes"
06 CURATELA::06.1 Curatela,http://hdl.handle.net/11311/558164,2000,Didattica&design. Processi e prodotti formativi nell'università che cambia,"PENATI, ANTONELLA VALERIA;SEASSARO, ALBERTO"
06 CURATELA::06.1 Curatela,http://hdl.handle.net/11311/558165,2000,Il design per i Distretti industriali,"MAFFEI, STEFANO;SIMONELLI, GIULIANO"
06 CURATELA::06.1 Curatela,http://hdl.handle.net/11311/255146,2001,"Un progetto pilota.DxD-Design dor District, Progetti per un distretto, Prodotto, Comunicazione strategica","CELASCHI, FLAVIANO;COLLINA, LUISA MARIA VIRGINIA;SIMONELLI, GIULIANO"
06 CURATELA::06.1 Curatela,http://hdl.handle.net/11311/270178,2001,The themes of designing designers 2001,"COLLINA, LUISA MARIA VIRGINIA;SIMONELLI, GIULIANO"
06 CURATELA::06.1 Curatela,http://hdl.handle.net/11311/561513,2001,MDM. Museo design Milano: il museo in rete per la rete dei musei,"D. Moretti;J. Pallabazzer;REBAGLIO, AGNESE"
06 CURATELA::06.1 Curatela,http://hdl.handle.net/11311/692962,2001,Progettare il marchio. Identità del gai,"PIAZZA, MARIO"
06 CURATELA::06.1 Curatela,http://hdl.handle.net/11311/242676,2002,Il design dell'ospitalità: la sala delle feste dell'Hotel Hilton Milan,"COLLINA, LUISA MARIA VIRGINIA;CRESPI, LUCIANO;F. Reinhart"
06 CURATELA::06.1 Curatela,http://hdl.handle.net/11311/264497,2002,"Design for working places. Environment, energy, new technologies","INGARAMO, MATTEO ORESTE"
06 CURATELA::06.1 Curatela,http://hdl.handle.net/11311/267750,2002,Movie Design per la comunicazione aziendale: Il Caso Mangiameli,"GALBIATI, MARIA LUISA"
06 CURATELA::06.1 Curatela,http://hdl.handle.net/11311/504754,2002,DesignNet. Knowledge e Information Management per il design,"CIUCCARELLI, PAOLO;INNOCENTI, PERLA"
06 CURATELA::06.1 Curatela,http://hdl.handle.net/11311/532321,2002,Rinnovare la tradizione: il design per il comparto ceramico di Cerreto Sannita e San Lorenzello.,"V. CRISTALLO;A. MORONE;PARENTE, MARINA"
06 CURATELA::06.1 Curatela,http://hdl.handle.net/11311/532385,2002,Almanacco Tikkun 2002-2003,"ZINGALE, SALVATORE;BONFANTINI M. A;S.T.O.C.C.H.I. G."
06 CURATELA::06.1 Curatela,http://hdl.handle.net/11311/532420,2002,I territori del design. Made in Italy e Sistemi Produttivi Locali,"MAFFEI, STEFANO;SIMONELLI, GIULIANO"
06 CURATELA::06.1 Curatela,http://hdl.handle.net/11311/557131,2002,"Milano distretto del Design: un sistema di luoghi, attori e relazioni al servizio dell’innovazione","BERTOLA, PAOLA;SANGIORGI, DANIELA;SIMONELLI, GIULIANO"
06 CURATELA::06.1 Curatela,http://hdl.handle.net/11311/557135,2002,Edilizia sostenibile: 44 progetti dimostrativi,"PIARDI, SILVIA ELVIRA MARIA;SCUDO, GIOVANNI"
06 CURATELA::06.1 Curatela,http://hdl.handle.net/11311/568593,2002,Il design della comunicazione. L'esperienza della Soprintendenza archeologica di Pompei,"RICCO', DINA"
06 CURATELA::06.1 Curatela,http://hdl.handle.net/11311/692920,2002,"Italic 1.0
Il disegno dei caratteri contemporaneo in Italia","P. Lenarduzzi;PIAZZA, MARIO;S. Sfligiotti"
06 CURATELA::06.1 Curatela,http://hdl.handle.net/11311/989812,2002,Diritto d’Autori,"CRIPPA, DAVIDE;DI PRETE, BARBARA"
06 CURATELA::06.1 Curatela,http://hdl.handle.net/11311/242611,2003,Nuove specie di spazi,"FARE', IDA MARIA LUISA;PIARDI, SILVIA ELVIRA MARIA"
06 CURATELA::06.1 Curatela,http://hdl.handle.net/11311/254410,2003,DiLabb,"DESERTI, ALESSANDRO;GALBIATI, MARIA LUISA;GALLI, FRANCESCO"
06 CURATELA::06.1 Curatela,http://hdl.handle.net/11311/262254,2003,Progettare e costruire imbarcazioni da diporto,"PIARDI, SILVIA ELVIRA MARIA;RATTI, ANDREA"
06 CURATELA::06.1 Curatela,http://hdl.handle.net/11311/264969,2003,CimbalImage. Il movie design per la comunicazione d'impresa. Un progetto per il gruppo Cimbali-Faema,"GALBIATI, MARIA LUISA;TERRANOVA, ANDREA"
06 CURATELA::06.1 Curatela,http://hdl.handle.net/11311/532240,2003,La creatività diffusa. Culture e mestieri della moda oggi,"VOLONTE', PAOLO GAETANO"
06 CURATELA::06.1 Curatela,http://hdl.handle.net/11311/532322,2003,Design e sistema-prodotto alimentare. Un'esperienza territoriale di ricerca azione.,"V. CRISTALLO;E. GUIDA;A. MORONE;PARENTE, MARINA"
06 CURATELA::06.1 Curatela,http://hdl.handle.net/11311/532345,2003,Designing Designers: Design for a local global world,"COLLINA, LUISA MARIA VIRGINIA;SIMONELLI, GIULIANO"
06 CURATELA::06.1 Curatela,http://hdl.handle.net/11311/532386,2003,Un edificio per il terziario. La nuova sede ABB Italia a Sesto San Giovanni,"ZINGALE, SALVATORE"
06 CURATELA::06.1 Curatela,http://hdl.handle.net/11311/532511,2003,Ricerca design e sperimentazione per l’innovazione di prodotto nel settore dell’accessorio moda: il caso Mangiameli,"BERTOLA, PAOLA"
06 CURATELA::06.1 Curatela,http://hdl.handle.net/11311/532576,2003,Progettare e costruire imbarcazioni da diporto,"RATTI, ANDREA;PIARDI, SILVIA ELVIRA MARIA"
06 CURATELA::06.1 Curatela,http://hdl.handle.net/11311/547790,2003,STAR | Sistema Topologico Argomentativo della Ricerca | Costruire l’organizzazione della conoscenza |Il caso ME.Design,"CASTELLI, ANTONELLA;VILLARI, BEATRICE"
06 CURATELA::06.1 Curatela,http://hdl.handle.net/11311/570243,2003,Acqua-da-bere,"BARBARA, ANNA"
06 CURATELA::06.1 Curatela,http://hdl.handle.net/11311/666015,2003,16 tisaniere,"TONELLI, MARIA CRISTINA"
06 CURATELA::06.1 Curatela,http://hdl.handle.net/11311/690865,2003,Il Giardino di Daniel Spoerri,"MAZZANTI, ANNA"
06 CURATELA::06.1 Curatela,http://hdl.handle.net/11311/693207,2003,Gli archivi di architettura in Lombardia. Censimento delle fonti,"CIAGA', GRAZIELLA LEYLA"
06 CURATELA::06.1 Curatela,http://hdl.handle.net/11311/242853,2004,Come Comete. Annunci e messaggi nella grafica della Triennale,"S. Annicchiarico;PIAZZA, MARIO"
06 CURATELA::06.1 Curatela,http://hdl.handle.net/11311/244604,2004,Design Multiverso. Appunti di Fenomenologia del Design,"BERTOLA, PAOLA;MANZINI, EZIO"
06 CURATELA::06.1 Curatela,http://hdl.handle.net/11311/247158,2004,Design at work 2004,"PALMIERI, STEFANIA"
06 CURATELA::06.1 Curatela,http://hdl.handle.net/11311/250135,2004,Costruire imbarcazioni da diporto,"PIARDI, SILVIA ELVIRA MARIA;RATTI, ANDREA"
06 CURATELA::06.1 Curatela,http://hdl.handle.net/11311/255226,2004,Il corpo delle cose,"COLLINA, LUISA MARIA VIRGINIA"
06 CURATELA::06.1 Curatela,http://hdl.handle.net/11311/263492,2004,L'usabilità dei prodotti industriali,"ANSELMI, LAURA;TOSI, FRANCESCA"
06 CURATELA::06.1 Curatela,http://hdl.handle.net/11311/532245,2004,Edmund Husserl. Fenomenologia e teoria della conoscenza,"VOLONTE', PAOLO GAETANO"
06 CURATELA::06.1 Curatela,http://hdl.handle.net/11311/532346,2004,Solution oriented partnership. How to design industrialised sustainable solutions,"MANZINI, EZIO;COLLINA, LUISA MARIA VIRGINIA;STEVE EVANS"
06 CURATELA::06.1 Curatela,http://hdl.handle.net/11311/532533,2004,Progetto giovane,"SIMONELLI, GIULIANO;BARONI D."
06 CURATELA::06.1 Curatela,http://hdl.handle.net/11311/532706,2004,Design della comunicazione ed esperienze di acquisto,"BUCCHETTI, VALERIA LUISA"
06 CURATELA::06.1 Curatela,http://hdl.handle.net/11311/554612,2004,"Sapere, immaginare, fare: il design d’innovazione per l’elettrodomestico. Formazione post-lauream per il design dei prodotti a media complessità","RAMPINO, LUCIA ROSA ELENA"
06 CURATELA::06.1 Curatela,http://hdl.handle.net/11311/554653,2004,Design e finitura dei compositi derivati dal legno,"INGARAMO, MATTEO ORESTE"
06 CURATELA::06.1 Curatela,http://hdl.handle.net/11311/563132,2004,Interaction Design,"RIZZO, FRANCESCA"
06 CURATELA::06.1 Curatela,http://hdl.handle.net/11311/641735,2004,“SENTIERI NELL’ARTE”. Il contemporaneo nel paesaggio toscano,"MAZZANTI, ANNA"
06 CURATELA::06.1 Curatela,http://hdl.handle.net/11311/243592,2005,Gesticolando. cenni sulla diversità,"CRIPPA, DAVIDE;DI PRETE, BARBARA"
06 CURATELA::06.1 Curatela,http://hdl.handle.net/11311/251057,2005,Packaging design,"BUCCHETTI, VALERIA LUISA"
06 CURATELA::06.1 Curatela,http://hdl.handle.net/11311/261995,2005,"Designing Designers: Designing Hospitality- Visions, scenarios, systems, services, spaces and products","COLLINA, LUISA MARIA VIRGINIA;SCULLICA, FRANCESCO"
06 CURATELA::06.1 Curatela,http://hdl.handle.net/11311/266768,2005,ManteroMood. Moviedesign for the silk concepì store La Tessitura_Como,"GALBIATI, MARIA LUISA;PIREDDA, FRANCESCA"
06 CURATELA::06.1 Curatela,http://hdl.handle.net/11311/268961,2005,"Methodology for Product Service System. How to develop clean, clever and competitive strategies in companies","C. Van Halen;VEZZOLI, CARLO ARNALDO;R. Wimmer"
06 CURATELA::06.1 Curatela,http://hdl.handle.net/11311/274162,2005,Performance. Designing for a cultural challange,"CRESPI, LUCIANO;PICCINNO, GIOVANNA;REBAGLIO, AGNESE"
06 CURATELA::06.1 Curatela,http://hdl.handle.net/11311/532294,2005,Costruire imbarcazioni da diporto. Esperienze in cantiere,"PIARDI, SILVIA ELVIRA MARIA;RATTI, ANDREA;MAGGIULLI F."
06 CURATELA::06.1 Curatela,http://hdl.handle.net/11311/532316,2005,Materiali e Design,"ROGNOLI, VALENTINA;PEDEFERRI, MARIAPIA;DEL CURTO, BARBARA;LEVI, MARINELLA"
06 CURATELA::06.1 Curatela,http://hdl.handle.net/11311/532352,2005,"Design, imprese, distretti. Un approccio all'innovazione","ARQUILLA, VENANZIO;VIGNATI, ARIANNA;SIMONELLI, GIULIANO"
06 CURATELA::06.1 Curatela,http://hdl.handle.net/11311/532388,2005,La semiotica e le arti utili in undici dialoghi,"ZINGALE, SALVATORE"
06 CURATELA::06.1 Curatela,http://hdl.handle.net/11311/532437,2005,Il progetto in Biodesign. La costruzione di un percorso,"CANINA, MARIA RITA;VICENTINI, FEDERICO"
06 CURATELA::06.1 Curatela,http://hdl.handle.net/11311/532543,2005,"KIWI, Knowledge Interaction Web Instruction","COLORNI VITALE, ALBERTO"
06 CURATELA::06.1 Curatela,http://hdl.handle.net/11311/532575,2005,Costruire imbarcazioni da diporto - Esperienze in cantiere,"PIARDI, SILVIA ELVIRA MARIA;RATTI, ANDREA;F. MAGGIULLI"
06 CURATELA::06.1 Curatela,http://hdl.handle.net/11311/532707,2005,La coda della Q. 50 marchi per la Fondazione Quarta,"BUCCHETTI, VALERIA LUISA;MINOGGIO, MAURIZIO"
06 CURATELA::06.1 Curatela,http://hdl.handle.net/11311/553865,2005,"Hard Design. Il Product Design oggi, tra innovazione e creatività","INGARAMO, MATTEO ORESTE"
06 CURATELA::06.1 Curatela,http://hdl.handle.net/11311/662196,2005,ManteroMood. Movie design for the silk concept La Tessitura_Como,"GALBIATI, MARIA LUISA;PIREDDA, FRANCESCA"
06 CURATELA::06.1 Curatela,http://hdl.handle.net/11311/691044,2005,Le case nella Triennale. Dal Parco al QT8,"CIAGA', GRAZIELLA LEYLA;TONON, GRAZIELLA"
06 CURATELA::06.1 Curatela,http://hdl.handle.net/11311/691292,2005,La semiotica e le arti utili in undici dialoghi,"ZINGALE, SALVATORE"
06 CURATELA::06.1 Curatela,http://hdl.handle.net/11311/692782,2005,Luciano Baldessari e Milano. Progetti e realizzazioni in Lombardia,"CIAGA', GRAZIELLA LEYLA"
06 CURATELA::06.1 Curatela,http://hdl.handle.net/11311/694273,2005,Materiali e Design,"LEVI, MARINELLA;PEDEFERRI, MARIAPIA;DEL CURTO, BARBARA;ROGNOLI, VALENTINA"
06 CURATELA::06.1 Curatela,http://hdl.handle.net/11311/242885,2006,La luce come strumento di progetto,"ROSSI, MAURIZIO;SEASSARO, ALBERTO"
06 CURATELA::06.1 Curatela,http://hdl.handle.net/11311/269198,2006,"KIWI, Knowledge Interaction Web Instruction","COLORNI VITALE, ALBERTO"
06 CURATELA::06.1 Curatela,http://hdl.handle.net/11311/532241,2006,Comunicare le identità. Percorsi della soggettività nell'età contemporanea,"L. BOVONE;VOLONTE', PAOLO GAETANO"
06 CURATELA::06.1 Curatela,http://hdl.handle.net/11311/532273,2006,Books. The future of reading?,"CRESPI, LUCIANO;PICCINNO, GIOVANNA;REBAGLIO, AGNESE"
06 CURATELA::06.1 Curatela,http://hdl.handle.net/11311/532312,2006,ergonomia e aspetti psicosociali - nuove competenze nella prevenzione dei rischi lavorativi,"FIGIANI, MAURIZIO"
06 CURATELA::06.1 Curatela,http://hdl.handle.net/11311/532323,2006,"Design, territorio e patrimonio culturale","V. CRISTALLO;E. GUIDA;A. MORONE;PARENTE, MARINA"
06 CURATELA::06.1 Curatela,http://hdl.handle.net/11311/532324,2006,Il design per la valorizzazione dei beni culturali. Le premesse fondative della ricerca d.Cult,"MAFFEI, STEFANO;PARENTE, MARINA;VILLARI, BEATRICE"
06 CURATELA::06.1 Curatela,http://hdl.handle.net/11311/532349,2006,Design e Imprese Artigiane. Un modello per l'innovazione.,"ARQUILLA, VENANZIO"
06 CURATELA::06.1 Curatela,http://hdl.handle.net/11311/532418,2006,Living room design,"MAFFEI, STEFANO;PARINI B;ARQUILLA, VENANZIO"
06 CURATELA::06.1 Curatela,http://hdl.handle.net/11311/532513,2006,Moda e Design. Cross fertilization per l'innovazione,"BERTOLA, PAOLA;CONTI, GIOVANNI MARIA"
06 CURATELA::06.1 Curatela,http://hdl.handle.net/11311/552831,2006,Design degli interni,"GUERRINI, LUCA"
06 CURATELA::06.1 Curatela,http://hdl.handle.net/11311/552839,2006,Books. The future of reading?,"CRESPI, LUCIANO;PICCINNO, GIOVANNA;REBAGLIO, AGNESE"
06 CURATELA::06.1 Curatela,http://hdl.handle.net/11311/552855,2006,L’inventiva. Psòmega vent’anni dopo,"ZINGALE, SALVATORE;BONFANTINI M. A."
06 CURATELA::06.1 Curatela,http://hdl.handle.net/11311/552861,2006,Salons,"ARQUILLA, VENANZIO;MAFFEI, STEFANO;B. Parini"
06 CURATELA::06.1 Curatela,http://hdl.handle.net/11311/552867,2006,Premio Biagio Rossetti 2005,"GUERRINI, LUCA;VENTURA, NICOLA"
06 CURATELA::06.1 Curatela,http://hdl.handle.net/11311/552868,2006,Advanced Living Scenarios. Contemporary Trends in European Housing,"BOSONI, GIAMPIERO;MANFREDINI, MANFREDO;PIARDI, SILVIA ELVIRA MARIA"
06 CURATELA::06.1 Curatela,http://hdl.handle.net/11311/552960,2006,Salotti d'autore,"ARQUILLA, VENANZIO;MAFFEI, STEFANO;B. Parini"
06 CURATELA::06.1 Curatela,http://hdl.handle.net/11311/640323,2006,"Designing Designers: Design Evolution by east and west. New ambients, new products, new designers","COLLINA, LUISA MARIA VIRGINIA;SCULLICA, FRANCESCO"
06 CURATELA::06.1 Curatela,http://hdl.handle.net/11311/642126,2006,Arte in Maremma nella prima metà del Novecento,"E. Crispolti;MAZZANTI, ANNA;L. Quattrocchi"
06 CURATELA::06.1 Curatela,http://hdl.handle.net/11311/881657,2006,L'archivio dell'architetto Mario Terzaghi presso il Casva,"FERABOLI, MARIA TERESA"
06 CURATELA::06.1 Curatela,http://hdl.handle.net/11311/989810,2006,Corpi arredativi,"Guerriero, Alessandro;Bobbioni, Mariapia;CRIPPA, DAVIDE;DI PRETE, BARBARA"
06 CURATELA::06.1 Curatela,http://hdl.handle.net/11311/246819,2007,"Design per la sostenibilità. Strumenti e strategie per la decade ""Educazione per lo sviluppo sostenibile"" Nazioni Unite (2005-2014)","P. Tamborrini;VEZZOLI, CARLO ARNALDO"
06 CURATELA::06.1 Curatela,http://hdl.handle.net/11311/250929,2007,Playing Design,"L. Cavadini;DELL'ACQUA BELLAVITIS, ARTURO"
06 CURATELA::06.1 Curatela,http://hdl.handle.net/11311/251168,2007,Packaging controverso,"BUCCHETTI, VALERIA LUISA"
06 CURATELA::06.1 Curatela,http://hdl.handle.net/11311/257240,2007,Designing Designers: Unbranded design for new user expectations,"COLLINA, LUISA MARIA VIRGINIA;SCULLICA, FRANCESCO"
06 CURATELA::06.1 Curatela,http://hdl.handle.net/11311/258844,2007,Movie Design for Experience Project. Visual scenarios for Illy concept store,"GALBIATI, MARIA LUISA;GALLI, FRANCESCO"
06 CURATELA::06.1 Curatela,http://hdl.handle.net/11311/269762,2007,"Sole vento acqua vegetazione e tecnologie avanzate: matrici di un nuovo approccio progettuale al territorio, architettura e design strategico.","BLASI, CESARE;NEBULONI, ATTILIO;PADOVANO, GABRIELLA"
06 CURATELA::06.1 Curatela,http://hdl.handle.net/11311/269994,2007,La Moda e il Design. Il trasferimento di conoscenza a servizio dell'innovazione,"BERTOLA, PAOLA;CONTI, GIOVANNI MARIA"
06 CURATELA::06.1 Curatela,http://hdl.handle.net/11311/274057,2007,Culture visive,"BUCCHETTI, VALERIA LUISA"
06 CURATELA::06.1 Curatela,http://hdl.handle.net/11311/274058,2007,Packaging: tra vista e tatto,"BUCCHETTI, VALERIA LUISA"
06 CURATELA::06.1 Curatela,http://hdl.handle.net/11311/532286,2007,Creative Communities. People inventing sustainable ways of living.,"MERONI, ANNA"
06 CURATELA::06.1 Curatela,http://hdl.handle.net/11311/532713,2007,"Abitare la complessità: Branson Coates, Coop Himmelblau, Daniel Libeskind, M&M, Mecanoo, Naga Studio, NL Architects, ODBC, R&Sie, RUR, SMAQ architects, Tomorrow, UNStudio. Serie: Complessità e Sostenibilità: il territorio e l'architettura - Rivista bimestrale digitale di pianificazione e progettazione, n° 01","G. PADOVANO;C. BLASI;NEBULONI, ATTILIO;I. ANASTASIO;V. ARRIGONI"
06 CURATELA::06.1 Curatela,http://hdl.handle.net/11311/532714,2007,"Architetture sostenibili: Behnisch & Partner, Mario Cucinella, FOA, Zaha Hadid, LAB Architecture, Manfredi Nicoletti, ODBC, Petzinka-Pink, R&Sie, Samyn and Partners, Synthesis & Research. Serie: Complessità e Sostenibilità: il territorio e l'architettura - Rivista bimestrale digitale di pianificazione e progettazione, n° 02","G. PADOVANO;C. BLASI;NEBULONI, ATTILIO;I. ANASTASIO;V. ARRIGONI"
06 CURATELA::06.1 Curatela,http://hdl.handle.net/11311/532715,2007,"Europa, Oceania e Far-East: strategie di pianificazione per i territori. Testi di G. Padovano, J. Peyrony, L. Porsche, K. Serranos, E. Gianniris, M. Zifou, M. Carta, D. Ronsivalle, F. Vescovi, M. Vliet, J. Goedman, C. Anderton, D. Ciesielska, M. Lasocki, D. Blaganje, M. Benabent, P. McFarland, M. Gunder, R. Lizhi, X. Fei, Y. Jing, K. Moriyasu, Y. Pandya, R. Nair, L. Meng, K. Ong, K. Peng. Serie: Complessità e Sostenibilità: il territorio e l'architettura - Rivista bimestrale digitale di pianificazione e progettazione, n° 03-04","G. PADOVANO;C. BLASI;NEBULONI, ATTILIO;I. ANASTASIO;V. ARRIGONI"
06 CURATELA::06.1 Curatela,http://hdl.handle.net/11311/548046,2007,Ricerca e design per il prodotto moda,"BERTOLA, PAOLA;COLOMBI, CHIARA"
06 CURATELA::06.1 Curatela,http://hdl.handle.net/11311/551602,2007,Leonardo. Dagli studi di proporzioni al Trattato della Pittura,"M. Fiorio;MARANI, PIETRO"
06 CURATELA::06.1 Curatela,http://hdl.handle.net/11311/551625,2007,MuVi. Video and moving image on synesthesia and visual music,"M. De Cordoba;RICCO', DINA"
06 CURATELA::06.1 Curatela,http://hdl.handle.net/11311/551626,2007,Fashion Plus. Un'azione di valorizzazione guidata dal design per le PMI del territorio regionale e miliano,"BERTOLA, PAOLA;MAFFEI, STEFANO"
06 CURATELA::06.1 Curatela,http://hdl.handle.net/11311/551633,2007,The new generation. The design role in the new generation world,"CRESPI, LUCIANO;PICCINNO, GIOVANNA;REBAGLIO A."
06 CURATELA::06.1 Curatela,http://hdl.handle.net/11311/561919,2007,The new generation: the design role in the new generation world,"CRESPI, LUCIANO;PICCINNO, GIOVANNA;REBAGLIO, AGNESE"
06 CURATELA::06.1 Curatela,http://hdl.handle.net/11311/692927,2007,In pubblico. Azioni e idee degli anni settanta in Italia,"M. Fochessati;PIAZZA, MARIO;S. Solimano"
06 CURATELA::06.1 Curatela,http://hdl.handle.net/11311/693436,2007,That’s Poli. Polimi at That’s Design,"PIAZZA, MARIO;M. Pelizzari"
06 CURATELA::06.1 Curatela,http://hdl.handle.net/11311/881651,2007,Renzo Piano. Le città visibili,"IRACE, FULVIO;FERABOLI, MARIA TERESA"
06 CURATELA::06.1 Curatela,http://hdl.handle.net/11311/989815,2007,Investigations into Decor and Decus / Indagini tra Decor e Decus,"CRIPPA, DAVIDE;DI PRETE, BARBARA"
06 CURATELA::06.1 Curatela,http://hdl.handle.net/11311/532242,2008,La creatività nelle professioni,"VOLONTE', PAOLO GAETANO;PEDRONI, MARCO LUCA"
06 CURATELA::06.1 Curatela,http://hdl.handle.net/11311/532243,2008,La creatività diffusa. Culture e mestieri della moda oggi,"VOLONTE', PAOLO GAETANO"
06 CURATELA::06.1 Curatela,http://hdl.handle.net/11311/532244,2008,Max Weber. La scienza come professione,"VOLONTE', PAOLO GAETANO"
06 CURATELA::06.1 Curatela,http://hdl.handle.net/11311/532416,2008,"Design, Research, Maps. Prospettive della ricerca universitaria in design in Italia. 2003-2007","MAFFEI, STEFANO;BERTOLA, PAOLA"
06 CURATELA::06.1 Curatela,http://hdl.handle.net/11311/532726,2008,L'impresa di successo. Il Design e la competitività,"RAMPINO, LUCIA ROSA ELENA"
06 CURATELA::06.1 Curatela,http://hdl.handle.net/11311/532782,2008,System Innovation for Sustainability 1. Perspectives on Radical Changes to Sustainable Consumption and Production,"VEZZOLI, CARLO ARNALDO;A. TUKKER;M. CHARTER;E. STØ;M. M. ANDERSEN"
06 CURATELA::06.1 Curatela,http://hdl.handle.net/11311/532787,2008,Argomenti di ergonomia. Un glossario. Vol. I,"PIZZOCARO, SILVIA LUISA;FIGIANI, MAURIZIO"
06 CURATELA::06.1 Curatela,http://hdl.handle.net/11311/545230,2008,Housing in Europe and in China,"PIARDI, SILVIA ELVIRA MARIA;MANFREDINI, MANFREDO;BOSONI, GIAMPIERO"
06 CURATELA::06.1 Curatela,http://hdl.handle.net/11311/547653,2008,"Place and Themes of Interiors, Contemporary Research Studies","BASSO PERESSUT, GIAN LUCA;FORINO, IMMACOLATA CONCEZIONE;POSTIGLIONE, GENNARO;SCULLICA, FRANCESCO"
06 CURATELA::06.1 Curatela,http://hdl.handle.net/11311/547668,2008,The Hospitable city,"FASSI, DAVIDE;SCULLICA, FRANCESCO"
06 CURATELA::06.1 Curatela,http://hdl.handle.net/11311/549670,2008,Bruno Munari,"FINESSI, GIUSEPPE;M. Meneguzzo"
06 CURATELA::06.1 Curatela,http://hdl.handle.net/11311/549834,2008,Progetti per lo sviluppo del territorio. Marketing strategico dell'Oltrepò Mantovano,"CASONI, GIORGIO;FANZINI, DANIELE;TROCCHIANESI, RAFFAELLA"
06 CURATELA::06.1 Curatela,http://hdl.handle.net/11311/550371,2008,Brand reset. Il caso Framesi,"COLLINA, LUISA MARIA VIRGINIA;MANCIARACINA, ANDREA GIUSEPPE;TOLINO, UMBERTO"
06 CURATELA::06.1 Curatela,http://hdl.handle.net/11311/881646,2008,Casa per tutti. Abitare la città globale,"IRACE, FULVIO;FERABOLI, MARIA TERESA"
06 CURATELA::06.1 Curatela,http://hdl.handle.net/11311/504231,2009,HELL PARADISE SHOPPING,"CAUTELA, CABIRIO"
06 CURATELA::06.1 Curatela,http://hdl.handle.net/11311/532729,2009,Designing Connected places,"LUPO, ELEONORA;C. Campagnaro"
06 CURATELA::06.1 Curatela,http://hdl.handle.net/11311/544080,2009,Design Follows Materials,"FERRARA, MARIA RITA;S. LUCIBELLO"
06 CURATELA::06.1 Curatela,http://hdl.handle.net/11311/546441,2009,"Master in Territorio e Architettura Sostenibili: Seminari Internazionali e progetti dei gruppi di ricerca. Serie: Complessità e Sostenibilità: il territorio e l'architettura - Rivista bimestrale digitale di pianificazione e progettazione, n° 10","PADOVANO G;BLASI C;NEBULONI, ATTILIO;ANASTASIO I;ARRIGONI V."
06 CURATELA::06.1 Curatela,http://hdl.handle.net/11311/547903,2009,Biografie di oggetti | Storie di cose,"A. Burtscher;D. Lupo;A. Mattozzi;VOLONTE', PAOLO GAETANO"
06 CURATELA::06.1 Curatela,http://hdl.handle.net/11311/561410,2009,Design a Como. L'impatto del sistema design politecnico nel distretto comasco,"DE PAOLIS, ROBERTO"
06 CURATELA::06.1 Curatela,http://hdl.handle.net/11311/561522,2009,Designing Designers: Where Does Light Move To? Lighting Design Innovation Scenarios.,"ROSSI, MAURIZIO"
06 CURATELA::06.1 Curatela,http://hdl.handle.net/11311/562688,2009,Il Sistema Design Italia per la valorizzazione dei beni culturali,"PARENTE, MARINA;LUPO, ELEONORA"
06 CURATELA::06.1 Curatela,http://hdl.handle.net/11311/562762,2009,Design Research Maps. Prospettive della ricerca universitaria in design in Italia,"BERTOLA, PAOLA;MAFFEI, STEFANO"
06 CURATELA::06.1 Curatela,http://hdl.handle.net/11311/563222,2009,DESIGN E CONTINUITA' COMPETITIVA. Creatività e strategia per affrontare il passaggio generazionale,"VIGNATI, ARIANNA"
06 CURATELA::06.1 Curatela,http://hdl.handle.net/11311/563400,2009,Pratiche sostenibili. Itinerari del design nella ricerca italiana,"VEZZOLI, CARLO ARNALDO;Veneziano R."
06 CURATELA::06.1 Curatela,http://hdl.handle.net/11311/563448,2009,Another Med_Another Design,"A. Can Ozcan;FERRARA, MARIA RITA"
06 CURATELA::06.1 Curatela,http://hdl.handle.net/11311/563652,2009,Sustainable mobility,"FASSI, DAVIDE;GIUNTA, ELENA ENRICA;REBAGLIO, AGNESE"
06 CURATELA::06.1 Curatela,http://hdl.handle.net/11311/563656,2009,La didattica del disegno nei corsi di laurea in design. Giornata di studio. 27 maggio 2009.,"AMORUSO, GIUSEPPE;BISTAGNINO, ENRICA;BREVI, FAUSTO;CECONELLO, MAURO ATTILIO;COCCHIARELLA, LUIGI;GUIDI, GABRIELE;PIERLUISI, GABRIELE;ROSSI, MICHELA"
06 CURATELA::06.1 Curatela,http://hdl.handle.net/11311/563672,2009,AD HONOREM,"GALBIATI, MARIA LUISA"
06 CURATELA::06.1 Curatela,http://hdl.handle.net/11311/563711,2009,Giardino comanda color,"MAZZANTI, ANNA"
06 CURATELA::06.1 Curatela,http://hdl.handle.net/11311/563723,2009,"Mobili e Collaborativi. Telefoni mobili, servizi digitali, e dinamizzazione socioculturale.","MANZINI, EZIO;PILLAN, MARGHERITA;BUGANZA, TOMMASO;G. Ferri;BIANCHINI, MASSIMO"
06 CURATELA::06.1 Curatela,http://hdl.handle.net/11311/563857,2009,Designing Designers: Office and  Workplaces for Knowledge workers,"SCULLICA, FRANCESCO;SCHOONBRODT, ANNE HUBERT EUGENIE"
06 CURATELA::06.1 Curatela,http://hdl.handle.net/11311/564066,2009,Opening Soon,"COLLINA, LUISA MARIA VIRGINIA;L. Pollini"
06 CURATELA::06.1 Curatela,http://hdl.handle.net/11311/564221,2009,Made in Cassina (ed. fr.),"BOSONI, GIAMPIERO"
06 CURATELA::06.1 Curatela,http://hdl.handle.net/11311/564563,2009,"Nullaosta. Grafica, confini, relazioni","GUIDA, FRANCESCO ERMANNO;G. CHIA;L. ROSCINI;M. SIGNORILE"
06 CURATELA::06.1 Curatela,http://hdl.handle.net/11311/568386,2009,Mendini,"FINESSI, GIUSEPPE"
06 CURATELA::06.1 Curatela,http://hdl.handle.net/11311/568390,2009,Angelo Mangiarotti. Scolpire/Costruire,"FINESSI, GIUSEPPE"
06 CURATELA::06.1 Curatela,http://hdl.handle.net/11311/691257,2009,"III Congreso Internacional de Sinestesia, Ciencia y Arte","M. J. De Córdoba;E. M. Hubbard;RICCO', DINA;S. A. Day"
06 CURATELA::06.1 Curatela,http://hdl.handle.net/11311/563379,2010,IndossaME. Il design e le tecnologie indossabili,"CANINA, MARIA RITA"
06 CURATELA::06.1 Curatela,http://hdl.handle.net/11311/573359,2010,Argomenti di ergonomia. Un glossario (Vol. 2),"PIZZOCARO, SILVIA LUISA;FIGIANI, MAURIZIO"
06 CURATELA::06.1 Curatela,http://hdl.handle.net/11311/574067,2010,"AdvanceDesign. Visioni, percorsi e strumenti per predisporsi all'innovazione continua.","CELI, MANUELA"
06 CURATELA::06.1 Curatela,http://hdl.handle.net/11311/574885,2010,MetaModa. Percorsi di ricerca per il design del prodotto moda,"BERTOLA, PAOLA;COLOMBI, CHIARA"
06 CURATELA::06.1 Curatela,http://hdl.handle.net/11311/574951,2010,Notes on Doctoral Research in Design. Contributions from the Politecnico di Milano,"GUERRINI, LUCA"
06 CURATELA::06.1 Curatela,http://hdl.handle.net/11311/575286,2010,Codex Atlanticus. Macchine per l'architettura e il territorio. Disegni di Leonardo dal Codice Atlantico,"MARANI, PIETRO;CORDERA, PAOLA"
06 CURATELA::06.1 Curatela,http://hdl.handle.net/11311/575288,2010,Leonardo da Vinci. Il Musico,"MARANI, PIETRO"
06 CURATELA::06.1 Curatela,http://hdl.handle.net/11311/578005,2010,"Sustainability in design: now! Challenges and opportunities for design research, education and practice in the XXI century.","CESCHIN, FABRIZIO;VEZZOLI, CARLO ARNALDO;J. Zhang"
06 CURATELA::06.1 Curatela,http://hdl.handle.net/11311/578301,2010,Colore e colorimetria contributi multidisciplinari Vol VI,"ROSSI, MAURIZIO"
06 CURATELA::06.1 Curatela,http://hdl.handle.net/11311/578522,2010,Colore. quaderni di cultura e progetto del colore / notes on colour culture and design,"BOERI, CRISTINA"
06 CURATELA::06.1 Curatela,http://hdl.handle.net/11311/579241,2010,Innovazione nel packaging design. Riflessioni e strumenti.,"BUCCHETTI, VALERIA LUISA;CIRAVEGNA, ERIK"
06 CURATELA::06.1 Curatela,http://hdl.handle.net/11311/580803,2010,Latitudine 45°40'80'' - Longitudine 9°15'20''. Milanofiori Nord,"BARBARA, ANNA;L. Molinari"
06 CURATELA::06.1 Curatela,http://hdl.handle.net/11311/582065,2010,Luigi Ferrario. Paesaggi costruiti,"CIAGA', GRAZIELLA LEYLA;FERABOLI, MARIA TERESA"
06 CURATELA::06.1 Curatela,http://hdl.handle.net/11311/582693,2010,"La semiotica e il progetto 2. Spazi, oggetti, interfacce","C. Bianchi;F. Montanari;ZINGALE, SALVATORE"
06 CURATELA::06.1 Curatela,http://hdl.handle.net/11311/583474,2010,"Novecento Sedotto, il fascino del Seicento fra le due guerre","MAZZANTI, ANNA;L. Mannini;V. Gensini"
06 CURATELA::06.1 Curatela,http://hdl.handle.net/11311/583494,2010,"Ospiti Inaspettati. Case di ieri, design di oggi","FINESSI, GIUSEPPE"
06 CURATELA::06.1 Curatela,http://hdl.handle.net/11311/583495,2010,Inventario 01,"FINESSI, GIUSEPPE"
06 CURATELA::06.1 Curatela,http://hdl.handle.net/11311/692776,2010,Luigi Ferrario. Paesaggi costruiti,"CIAGA', GRAZIELLA LEYLA;FERABOLI, MARIA TERESA"
06 CURATELA::06.1 Curatela,http://hdl.handle.net/11311/572638,2011,Design for Services,"MERONI, ANNA;SANGIORGI, DANIELA"
06 CURATELA::06.1 Curatela,http://hdl.handle.net/11311/576680,2011,"On the road. Bob Noorda, il grafico del viaggio (titolo inglese ""On the road. Bob Noorda: travelling with a graphic designer"").","GUIDA, FRANCESCO ERMANNO;FERRARA, CINZIA"
06 CURATELA::06.1 Curatela,http://hdl.handle.net/11311/579322,2011,La ricerca nel disegno di design. giornata di studio 20 ottobre 2010,"AMORUSO, GIUSEPPE;BISTAGNINO, ENRICA;BREVI, FAUSTO;CECONELLO, MAURO ATTILIO;GUIDI, GABRIELE;PIERLUISI, GABRIELE;ROSSI, MICHELA;RUSSO, MICHELE"
06 CURATELA::06.1 Curatela,http://hdl.handle.net/11311/580903,2011,"Il segno continuo. Simonetta Ferrante.Grafica tra arte, calligrafia e design","GUIDA, FRANCESCO ERMANNO;Lorenzo Grazzani"
06 CURATELA::06.1 Curatela,http://hdl.handle.net/11311/580905,2011,Type Design. Esperienze progettuali tra teoria e prassi.,"GUIDA, FRANCESCO ERMANNO;ILIPRANDI, GIANCARLO"
06 CURATELA::06.1 Curatela,http://hdl.handle.net/11311/583875,2011,Comunicazione a misura d'uomo,"PILLAN, MARGHERITA"
06 CURATELA::06.1 Curatela,http://hdl.handle.net/11311/604685,2011,"Realtà, simulazione e progetto. Il ruolo del modello","AMORUSO, GIUSEPPE;Enica Bistagnino;BREVI, FAUSTO;Mauro Cecconello;PIERLUISI, GABRIELE;ROSSI, MICHELA;RUSSO, MICHELE"
06 CURATELA::06.1 Curatela,http://hdl.handle.net/11311/605680,2011,"Realtà, simulazione e progetto. Il ruolo del modello","AMORUSO, GIUSEPPE;Enica Bistagnino;BREVI, FAUSTO;Mauro Cecconello;PIERLUISI, GABRIELE;ROSSI, MICHELA;RUSSO, MICHELE"
06 CURATELA::06.1 Curatela,http://hdl.handle.net/11311/608307,2011,Franco Albini,"BOSONI, GIAMPIERO"
06 CURATELA::06.1 Curatela,http://hdl.handle.net/11311/608399,2011,Color and Colorimetry Multidisciplinary Contributions,"ROSSI, MAURIZIO"
06 CURATELA::06.1 Curatela,http://hdl.handle.net/11311/608400,2011,Colore e colorimetria contributi multidisciplinari,"ROSSI, MAURIZIO"
06 CURATELA::06.1 Curatela,http://hdl.handle.net/11311/609276,2011,Cruciale,"FINESSI, GIUSEPPE"
06 CURATELA::06.1 Curatela,http://hdl.handle.net/11311/609277,2011,Di vaso in fiore,"FINESSI, GIUSEPPE"
06 CURATELA::06.1 Curatela,http://hdl.handle.net/11311/609278,2011,Inventario 02,"FINESSI, GIUSEPPE"
06 CURATELA::06.1 Curatela,http://hdl.handle.net/11311/609279,2011,Inventario 03,"FINESSI, GIUSEPPE"
06 CURATELA::06.1 Curatela,http://hdl.handle.net/11311/614714,2011,"Per l’esposizione, mi raccomando…!Milano e l’Esposizione internazionale del Sempione del 1906 nei documenti del Castello Sforzesco.","RICCI, GIULIANA;CORDERA, PAOLA"
06 CURATELA::06.1 Curatela,http://hdl.handle.net/11311/630994,2011,Leonardo: il Genio il Mito,"MARANI, PIETRO;PEDRETTI, C.;SALVI, P.;VITULO, C.;BARILLI, R."
06 CURATELA::06.1 Curatela,http://hdl.handle.net/11311/635446,2011,Altre figure. Intorno alle figure di argomentazione,"BUCCHETTI, VALERIA LUISA"
06 CURATELA::06.1 Curatela,http://hdl.handle.net/11311/639706,2011,L’oggetto nell’arte contemporanea. Uso e riuso,"E. Crispolti;MAZZANTI, ANNA"
06 CURATELA::06.1 Curatela,http://hdl.handle.net/11311/642133,2011,PROGETTARE UN GIOCO NON E' UN GIOCO,"FOIS, LUCA;VIGNATI, ARIANNA"
06 CURATELA::06.1 Curatela,http://hdl.handle.net/11311/643730,2011,"COMUNICARE IN MOVIMENTO, COMMUNICATION IN MOTION","BRUNO, DAVIDE MARIA"
06 CURATELA::06.1 Curatela,http://hdl.handle.net/11311/645146,2011,"Abitare. 50 anni di design: case, architetture, oggetti, fotografie, mode, design, viaggi – 1961-2011","PIAZZA, MARIO"
06 CURATELA::06.1 Curatela,http://hdl.handle.net/11311/662385,2011,"Realtà, simulazione e progetto. Il ruolo del modello","AMORUSO, GIUSEPPE;BISTAGNINO, ENRICA;BREVI, FAUSTO;CECONELLO, MAURO ATTILIO;PIERLUISI, GABRIELE;ROSSI, MICHELA;RUSSO, MICHELE"
06 CURATELA::06.1 Curatela,http://hdl.handle.net/11311/666304,2011,Inventario 04,"FINESSI, GIUSEPPE"
06 CURATELA::06.1 Curatela,http://hdl.handle.net/11311/688715,2011,Design for innovative communities,"FASSI, DAVIDE;REBAGLIO, AGNESE"
06 CURATELA::06.1 Curatela,http://hdl.handle.net/11311/731991,2011,Emilio Ambasz.Invenciones: arquitectura y Diseno,"IRACE, FULVIO"
06 CURATELA::06.1 Curatela,http://hdl.handle.net/11311/632812,2012,MuVi3. Video and moving image on synesthesia and visual music / MuVi3. Vídeo e imagen en movimiento sobre sinestesia y música visual,"RICCO', DINA;M. J. De Córdoba"
06 CURATELA::06.1 Curatela,http://hdl.handle.net/11311/657540,2012,Milano Maths in the city. A mathematical tour of Milanese Architecture - itinerario matematico dell'architettura milanese.,"ROSSI, MICHELA;Sylvie Duvernoy;Giampiero Mele"
06 CURATELA::06.1 Curatela,http://hdl.handle.net/11311/657544,2012,Nexus Ph.D. Day. Relationschip between Architecture and Mathematics,"ROSSI, MICHELA"
06 CURATELA::06.1 Curatela,http://hdl.handle.net/11311/662224,2012,DPPI11. Designing Pleasurable Products and Interfaces. Proceedings,"CAUTELA, CABIRIO;DESERTI, ALESSANDRO;RIZZO, FRANCESCA;ZURLO, FRANCESCO"
06 CURATELA::06.1 Curatela,http://hdl.handle.net/11311/664557,2012,Moda e arte,"PEDRONI, MARCO LUCA;VOLONTE', PAOLO GAETANO"
06 CURATELA::06.1 Curatela,http://hdl.handle.net/11311/666284,2012,Color and colorimetry Multidisciplinary contribution - Vol VIIIb,"ROSSI, MAURIZIO"
06 CURATELA::06.1 Curatela,http://hdl.handle.net/11311/666288,2012,Colore e colorimetria Contributi Multidisciplinari Vol VIIIa,"ROSSI, MAURIZIO;SINISCALCO, ANDREA"
06 CURATELA::06.1 Curatela,http://hdl.handle.net/11311/666945,2012,Fare Lume,"FINESSI, GIUSEPPE"
06 CURATELA::06.1 Curatela,http://hdl.handle.net/11311/668544,2012,Design Research: Between Scientific Method and Project Praxis. Notes on Doctoral Research in Design 2012,"RAMPINO, LUCIA ROSA ELENA"
06 CURATELA::06.1 Curatela,http://hdl.handle.net/11311/685510,2012,Inventario 05,"FINESSI, GIUSEPPE"
06 CURATELA::06.1 Curatela,http://hdl.handle.net/11311/686839,2012,Giulio Iaccheti Research Experiences in Design,"BIAMONTI, ALESSANDRO"
06 CURATELA::06.1 Curatela,http://hdl.handle.net/11311/686857,2012,Exhibit,"FASSI, DAVIDE;REBAGLIO, AGNESE;I. Vegni"
06 CURATELA::06.1 Curatela,http://hdl.handle.net/11311/686921,2012,Il gioiello utile:Ornamenti RFID le nuove frontiere dell'ornamento,"CAPPELLIERI, ALBA;L. Tenuta;V. Vecchi"
06 CURATELA::06.1 Curatela,http://hdl.handle.net/11311/686977,2012,"Descriptive Geometry and Digital Rrepresentation: 
Memory and Innovation","ROSSI, MICHELA"
06 CURATELA::06.1 Curatela,http://hdl.handle.net/11311/688067,2012,Design della Maglieria. Appunti su metodi progettuali e lavorazioni,"CONTI, GIOVANNI MARIA"
06 CURATELA::06.1 Curatela,http://hdl.handle.net/11311/690076,2012,Representing Museum Technologies,"J. Allen;LUPO, ELEONORA"
06 CURATELA::06.1 Curatela,http://hdl.handle.net/11311/690135,2012,Anticorpi comunicativi.Progettare per la comunicazione di genere,"BAULE, GIOVANNI;BUCCHETTI, VALERIA LUISA"
06 CURATELA::06.1 Curatela,http://hdl.handle.net/11311/690713,2012,"Gli archivi di architettura, design e grafica in Lombardia. Censimento delle fonti","CIAGA', GRAZIELLA LEYLA"
06 CURATELA::06.1 Curatela,http://hdl.handle.net/11311/692932,2012,Grafica del made in Italy / Made in Italy graphic design,"PIAZZA, MARIO"
06 CURATELA::06.1 Curatela,http://hdl.handle.net/11311/692937,2012,TDM 5: Grafica italiana,"G. Camuffo;PIAZZA, MARIO;C. Vinti"
06 CURATELA::06.1 Curatela,http://hdl.handle.net/11311/692964,2012,"Poltrona Frau.
L'intelligenza delle mani","PIAZZA, MARIO"
06 CURATELA::06.1 Curatela,http://hdl.handle.net/11311/692966,2012,Poltrona Frau: Intelligence in Our Hands,"PIAZZA, MARIO"
06 CURATELA::06.1 Curatela,http://hdl.handle.net/11311/694018,2012,The Contemporary Interior Landscape,"BOSONI, GIAMPIERO;REBAGLIO, AGNESE;SCULLICA, FRANCESCO;REBAGLIO AGNESE"
06 CURATELA::06.1 Curatela,http://hdl.handle.net/11311/694021,2012,The Contemporary Interior Landscape,"BOSONI, GIAMPIERO;REBAGLIO, AGNESE;SCULLICA, FRANCESCO"
06 CURATELA::06.1 Curatela,http://hdl.handle.net/11311/732594,2012,Packaging design e pubblica utilità. Sperimentazioni in cartone per comunicare la sicurezza domestica,"CIRAVEGNA, ERIK;TOLINO, UMBERTO"
06 CURATELA::06.1 Curatela,http://hdl.handle.net/11311/768889,2012,Inventario 06,"FINESSI, GIUSEPPE"
06 CURATELA::06.1 Curatela,http://hdl.handle.net/11311/1054875,2013,Esperienza e formazione,mario bisson
06 CURATELA::06.1 Curatela,http://hdl.handle.net/11311/720345,2013,Verso l'era postdigitale. Disegnare il progetto tra design e architettura.,"UdRD Design Representation;AMORUSO, GIUSEPPE;BREVI, FAUSTO;Mauro Ceconello;PIERLUISI, GABRIELE;ROSSI, MICHELA;RUSSO, MICHELE"
06 CURATELA::06.1 Curatela,http://hdl.handle.net/11311/720347,2013,"Geometria, spazio, colore. Ricerche per la rappresentazione e il progetto","ROSSI, MICHELA"
06 CURATELA::06.1 Curatela,http://hdl.handle.net/11311/739371,2013,Colour and Colorimetry Multidisciplinary Contributions Vol. IXb,"ROSSI, MAURIZIO"
06 CURATELA::06.1 Curatela,http://hdl.handle.net/11311/739372,2013,Colore e colorimetria contributi multidisciplinari Vol IXa,"ROSSI, MAURIZIO;SINISCALCO, ANDREA"
06 CURATELA::06.1 Curatela,http://hdl.handle.net/11311/751616,2013,Made in slums. Mathare Nairobi,"IRACE, FULVIO"
06 CURATELA::06.1 Curatela,http://hdl.handle.net/11311/758444,2013,Creativity for local enterprises,"FASSI, DAVIDE;REBAGLIO, AGNESE"
06 CURATELA::06.1 Curatela,http://hdl.handle.net/11311/758930,2013,E' il design una narrazione? Design e narrazioni,"PENATI, ANTONELLA VALERIA"
06 CURATELA::06.1 Curatela,http://hdl.handle.net/11311/758932,2013,Il design costruisce mondi. Design e narrazioni,"PENATI, ANTONELLA VALERIA"
06 CURATELA::06.1 Curatela,http://hdl.handle.net/11311/758933,2013,Il design vive di oggetti-discorso. Design e narrazioni.,"PENATI, ANTONELLA VALERIA"
06 CURATELA::06.1 Curatela,http://hdl.handle.net/11311/764761,2013,Design & Cultural Heritage. Archivio animato,"IRACE, FULVIO;CIAGA', GRAZIELLA LEYLA"
06 CURATELA::06.1 Curatela,http://hdl.handle.net/11311/768890,2013,Inventario 07,"FINESSI, GIUSEPPE"
06 CURATELA::06.1 Curatela,http://hdl.handle.net/11311/768891,2013,Inventario 08,"FINESSI, GIUSEPPE"
06 CURATELA::06.1 Curatela,http://hdl.handle.net/11311/769058,2013,Progetto Cibo. La Forma del Gusto,"FINESSI, GIUSEPPE"
06 CURATELA::06.1 Curatela,http://hdl.handle.net/11311/769060,2013,Intorno al libro,"FINESSI, GIUSEPPE"
06 CURATELA::06.1 Curatela,http://hdl.handle.net/11311/804936,2013,"Design e memoria del Temporaneo/Design 
and memory of the Ephemeral","LUPO, ELEONORA;TROCCHIANESI, RAFFAELLA"
06 CURATELA::06.1 Curatela,http://hdl.handle.net/11311/861818,2013,"Immateriale, virtuale, interattivo","IRACE, FULVIO"
06 CURATELA::06.1 Curatela,http://hdl.handle.net/11311/974893,2013,Autentico Contemporaneo. Design e Attivazione dei saperi tipici e maestri artigiani milanesi,"LUPO, ELEONORA"
06 CURATELA::06.1 Curatela,http://hdl.handle.net/11311/989802,2013,(1:13). The thirteen chairs that were never painted in Leonardo's Last Supper / (1:13). Le tredici sedie mai dipinte nell´Ultima cena di Leonardo,"CRIPPA, DAVIDE;DI PRETE, BARBARA"
06 CURATELA::06.1 Curatela,http://hdl.handle.net/11311/1029970,2014,Overfashion. Nuove prospettive per la moda nella società che ingrassa,"CANINA, MARIA RITA;VOLONTE', PAOLO GAETANO"
06 CURATELA::06.1 Curatela,http://hdl.handle.net/11311/796926,2014,Il Design Italiano Oltre le Crisi,"FINESSI, GIUSEPPE"
06 CURATELA::06.1 Curatela,http://hdl.handle.net/11311/815123,2014,Agostino Arrivabene. Vesperbild,"MARANI, PIETRO"
06 CURATELA::06.1 Curatela,http://hdl.handle.net/11311/848734,2014,Ripensare il disegno/rethinking design (introduzione).,"ROSSI, MICHELA;Andrea Casale;a. cura di"
06 CURATELA::06.1 Curatela,http://hdl.handle.net/11311/862572,2014,Dove vivono gli architetti,"IRACE, FULVIO;MOLTENI, FRANCESCA BIANCA MARIA;Pizzigoni D."
06 CURATELA::06.1 Curatela,http://hdl.handle.net/11311/869980,2014,"Materials Experience: Fundamentals of
Materials and Design","Elvin Karana;Owain Pegley;ROGNOLI, VALENTINA"
06 CURATELA::06.1 Curatela,http://hdl.handle.net/11311/872756,2014,INVENTARIO 09,"FINESSI, GIUSEPPE"
06 CURATELA::06.1 Curatela,http://hdl.handle.net/11311/880557,2014,"TEXTILE VIVANT.
Percorsi, esperienze e ricerche del textile design.
Tracks, experiences and Researches in textile design","CONTI, GIOVANNI MARIA;DEL CURTO, BARBARA;FIORANI, ELEONORA;SOLDATI, MARIA GRAZIA"
06 CURATELA::06.1 Curatela,http://hdl.handle.net/11311/924155,2014,"A Matter of Design: Making Society trough Science and Technology
Proceedings of the 5th STS Italia Conference","C. Coletta;COLOMBO, SARA;P. Magaudda;A. Mattozzi;L. Parolin;RAMPINO, LUCIA ROSA ELENA"
06 CURATELA::06.1 Curatela,http://hdl.handle.net/11311/935762,2014,Overfashion. Nuove prospettive per la moda nella società che ingrassa,"CANINA, MARIA RITA;VOLONTE', PAOLO GAETANO"
06 CURATELA::06.1 Curatela,http://hdl.handle.net/11311/935991,2014,INVENTARIO 10,"FINESSI, GIUSEPPE"
06 CURATELA::06.1 Curatela,http://hdl.handle.net/11311/941559,2014,Colore e colorimetria contributi multidisciplinari Vol Xa,"ROSSI, MAURIZIO;Veronica Marchiafava"
06 CURATELA::06.1 Curatela,http://hdl.handle.net/11311/942187,2014,Colour and Colorimetry Multidisciplinary Contributions Vol. Xb,"ROSSI, MAURIZIO"
06 CURATELA::06.1 Curatela,http://hdl.handle.net/11311/956158,2014,Fashion Made in Italy. Special Issue,"BERTOLA, PAOLA;COLOMBI, CHIARA"
06 CURATELA::06.1 Curatela,http://hdl.handle.net/11311/956761,2014,"CIMODE 2014
2° Congresso internazionale di Moda e Design
2° International Fashion and Design Congress","GADDI, ROSSANA;CAPPELLIERI, ALBA;DELL'ACQUA BELLAVITIS, ARTURO"
06 CURATELA::06.1 Curatela,http://hdl.handle.net/11311/965932,2014,SERVICE DESIGN RESEARCH UK NETWORK Mapping and developing Service Design Research in the UK,"SANGIORGI, DANIELA;Prendiville, Alison;Ricketts, Amy"
06 CURATELA::06.1 Curatela,http://hdl.handle.net/11311/965937,2014,"ServDes.2014 Service Future, Proceedings of the fourth Service Design and Service Innovation Conference","SANGIORGI, DANIELA;Murphy, Emma;Hands, David"
06 CURATELA::06.1 Curatela,http://hdl.handle.net/11311/970615,2014,Italian material design: imparando dalla storia,"BOSONI, GIAMPIERO;FERRARA, MARIA RITA"
06 CURATELA::06.1 Curatela,http://hdl.handle.net/11311/975705,2014,Design research on temporary homes,"GIUNTA, ELENA ENRICA;REBAGLIO, AGNESE"
06 CURATELA::06.1 Curatela,http://hdl.handle.net/11311/1018215,2015,Colour and Colorimetry Multidisciplinary Contributions Vol. XIb,"ROSSI, MAURIZIO;CASCIANI, DARIA"
06 CURATELA::06.1 Curatela,http://hdl.handle.net/11311/1018276,2015,Colore e colorimetria contributi multidisciplinari Vol XIa,"ROSSI, MAURIZIO;Marchiafava, Veronica"
06 CURATELA::06.1 Curatela,http://hdl.handle.net/11311/1019707,2015,"Bellezza divina. Fra Van Gogh, Chagall e Fontana","MAZZANTI, ANNA;Mannini, Lucia;Sisi, Carlo;Sebregondi, Ludovica"
06 CURATELA::06.1 Curatela,http://hdl.handle.net/11311/930955,2015,ColtivAzioni Sociali Urbane. Innovazione sociale di quartiere,"VILLARI, BEATRICE"
06 CURATELA::06.1 Curatela,http://hdl.handle.net/11311/935990,2015,GEOGRAFIE,"FINESSI, GIUSEPPE"
06 CURATELA::06.1 Curatela,http://hdl.handle.net/11311/943765,2015,Cose d'archivio. I modelli di design e architettura presso il CASVA,"FERABOLI, MARIA TERESA"
06 CURATELA::06.1 Curatela,http://hdl.handle.net/11311/943785,2015,Mondi a Milano,"IRACE, FULVIO;MAZZANTI, ANNA;Negri A.;Orsini C.;Pugliese M.;SELVAFOLTA, ORNELLA"
06 CURATELA::06.1 Curatela,http://hdl.handle.net/11311/958189,2015,"Advanced Design Culture, Long-Term Perspective and Continuous Innovation","CELI, MANUELA"
06 CURATELA::06.1 Curatela,http://hdl.handle.net/11311/960392,2015,Mondi a Milano,"IRACE, FULVIO;MAZZANTI, ANNA;M. G. Messina;C. Orsini;SELVAFOLTA, ORNELLA"
06 CURATELA::06.1 Curatela,http://hdl.handle.net/11311/971299,2015,Textile Vivant. Scenari dell'innovazione del tessile,"CONTI, GIOVANNI MARIA;DEL CURTO, BARBARA;Fiorani, Eleonora;GADDI, ROSSANA;SOLDATI, MARIA GRAZIA"
06 CURATELA::06.1 Curatela,http://hdl.handle.net/11311/971911,2015,Proceedings of the Cumulus Milano 2015 Conference – The Virtuous Circle. Design Culture and Experimentation,"COLLINA, LUISA MARIA VIRGINIA;GALLUZZO, LAURA;MERONI, ANNA"
06 CURATELA::06.1 Curatela,http://hdl.handle.net/11311/971930,2015,MuVi4. Video and moving image on synesthesia and visual music / MuVi4. Vídeo e imagen en movimiento sobre sinestesia y música visual,"RICCO', DINA;María José de Córdoba"
06 CURATELA::06.1 Curatela,http://hdl.handle.net/11311/971931,2015,Actas V Congreso Internacional de Sinestesia: Ciencia y Arte,"RICCO', DINA;M. José De Córdoba Serrano;Sean A. Day;Julia López de la Torre;Joerg Jewansky"
06 CURATELA::06.1 Curatela,http://hdl.handle.net/11311/972804,2015,Curarsi Lontano da Casa,"SCULLICA, FRANCESCO;Giovanni Del Zanna;Roberta Co"
06 CURATELA::06.1 Curatela,http://hdl.handle.net/11311/973605,2015,"DeSForM 2015 – Aesthetics of Interaction: Dynamic, Multisensory, Wise","Chen, L.;Djajadiningrat, T.;Feijs, L.;Hu, J.;Kyffin, S.;RAMPINO, LUCIA ROSA ELENA;Rodriguez, E.;Steffen, D."
06 CURATELA::06.1 Curatela,http://hdl.handle.net/11311/979647,2015,Il Nuovo vocabolario della moda italiana,"BERTOLA, PAOLA;LINFANTE, VITTORIO"
06 CURATELA::06.1 Curatela,http://hdl.handle.net/11311/980210,2015,Storie di interni. L'architettura dello spazio domestico moderno,"IRACE, FULVIO"
06 CURATELA::06.1 Curatela,http://hdl.handle.net/11311/984690,2015,Global Tools 1973-1975,"FRANCESCHINI, SILVIA"
06 CURATELA::06.1 Curatela,http://hdl.handle.net/11311/985756,2015,From Storytelling to Intercreativity in the Era of Distributed Authorship,"CIASTELLARDI, MATTEO;Di Rosario, Giovanna"
06 CURATELA::06.1 Curatela,http://hdl.handle.net/11311/986587,2015,Nutrendo Anima e corpo. Itinerari di delizia tra le Ville Del Sacro Monte Sopra Varese/Feeding body and soul. Delightful journeys among villas in Sacro Monte above Varese,"BAILA, ANGELA;ANZANI, ANNA;CARAMEL, CLAUDIA"
06 CURATELA::06.1 Curatela,http://hdl.handle.net/11311/1001967,2016,Interni inclusivi. Dialoghi trasversali,"BARBARA, ANNA;Ceresoli, J.;CHIODO, SIMONA"
06 CURATELA::06.1 Curatela,http://hdl.handle.net/11311/1017992,2016,Interni Inclusivi. Dialoghi trasversali,"CHIODO, SIMONA;BARBARA, ANNA;Ceresoli, Jacqueine"
06 CURATELA::06.1 Curatela,http://hdl.handle.net/11311/1018728,2016,Pad#13 Design for Territories,"PARENTE, MARINA;SEDINI, CARLA"
06 CURATELA::06.1 Curatela,http://hdl.handle.net/11311/1020345,2016,Human Smart Cities. Rethinking the interplay between Design and Planning,"CONCILIO, GRAZIA;RIZZO, FRANCESCA"
06 CURATELA::06.1 Curatela,http://hdl.handle.net/11311/1022046,2016,INVENTARIO 12,"FINESSI, GIUSEPPE"
06 CURATELA::06.1 Curatela,http://hdl.handle.net/11311/1022052,2016,Cartaditalia n.2. Il design italiano. Unità e pluralità,"FINESSI, GIUSEPPE"
06 CURATELA::06.1 Curatela,http://hdl.handle.net/11311/1022056,2016,Quasi segreti,"FINESSI, GIUSEPPE"
06 CURATELA::06.1 Curatela,http://hdl.handle.net/11311/1022206,2016,Stanze. Altre filosofie dell'abitare - Rooms. Novel Living Concepts,"FINESSI, GIUSEPPE"
06 CURATELA::06.1 Curatela,http://hdl.handle.net/11311/1027333,2016,Umanesimo contemporaneo. Gli archivi di Gregotti-Meneghetti-Stoppino e della società Gregotti Associati conservati presso il CASVA,"FERABOLI, MARIA TERESA"
06 CURATELA::06.1 Curatela,http://hdl.handle.net/11311/1034524,2016,INTERDISCIPLINARY RESEARCH AND EDUCATION AGENDA. A DESIGN DRIVEN PERSPECTIVE,"VACCA, FEDERICA;Warshavski T."
06 CURATELA::06.1 Curatela,http://hdl.handle.net/11311/1036271,2016,"DESIGNING MULTIVOCAL MUSEUMS. Intercultural Practices at Museo Diocesano, Milano",R. Capurro;E. Lupo
06 CURATELA::06.1 Curatela,http://hdl.handle.net/11311/1039135,2016,"Design management. Gestire strategie, processi e implementazione",F. Zurlo
06 CURATELA::06.1 Curatela,http://hdl.handle.net/11311/1041528,2016,"Boardgame Interior Design. Ricerca, progetto e comunicazione per lo spazio del gioco nella contemporaneità",R. Zamporri;F. Scullica;M. Bertolo
06 CURATELA::06.1 Curatela,http://hdl.handle.net/11311/1050659,2016,"La gestione delle risorse, dei cantieri e degli immobili",Massimo Bonechi;Davide Bruno;Masimo Cartone
06 CURATELA::06.1 Curatela,http://hdl.handle.net/11311/978765,2016,Maglieria Made in Italy. Knitwear stories and knit talks,"CONTI, GIOVANNI MARIA;POLETTI, FEDERICO;RINALDI, COSTANZA CHIARA FRANCESCA"
06 CURATELA::06.1 Curatela,http://hdl.handle.net/11311/994993,2016,Artefatti concreti. Temi di fondamento per il design di prodotto,"PIZZOCARO, SILVIA LUISA"
06 CURATELA::06.1 Curatela,http://hdl.handle.net/11311/995591,2016,Leonardo da Vinci. Metodi e tecniche per la costruzione della conoscenza,"MARANI, PIETRO;MAFFEIS, RODOLFO"
06 CURATELA::06.1 Curatela,http://hdl.handle.net/11311/999106,2016,Design è traduzione. Il paradigma traduttivo per la cultura del progetto,"BAULE, GIOVANNI;CARATTI, ELENA"
06 CURATELA::06.1 Curatela,http://hdl.handle.net/11311/1010369,2017,Polimi Design PhD_017,"BIAMONTI, ALESSANDRO;GUERRINI, LUCA"
06 CURATELA::06.1 Curatela,http://hdl.handle.net/11311/1014755,2017,"Archeologia del Cenacolo. Ricostruzioni e fortuna dell'icona leonardesca: disegni, incisioni, fotografie","MARANI, PIETRO;Mori, G."
06 CURATELA::06.1 Curatela,http://hdl.handle.net/11311/1022049,2017,Fare Luce,"FINESSI, GIUSEPPE"
06 CURATELA::06.1 Curatela,http://hdl.handle.net/11311/1025426,2017,Eccedenze. Tra innovazione e culture del design,"PIZZOCARO, SILVIA LUISA"
06 CURATELA::06.1 Curatela,http://hdl.handle.net/11311/1029039,2017,"Design is translation. The translation paradigm for design culture. ""Design and translation"": a Manifesto","BAULE, GIOVANNI;CARATTI, ELENA"
06 CURATELA::06.1 Curatela,http://hdl.handle.net/11311/1029705,2017,Teoria/Pratica. Dialoghi sul Design per i Territori 01,"PARENTE, MARINA;LUPO, ELEONORA;SEDINI, CARLA"
06 CURATELA::06.1 Curatela,http://hdl.handle.net/11311/1030921,2017,"Memoria, Bellezza e Transdisciplinarità - riflessioni sull’attualità di Roberto Pane","ANZANI, ANNA"
06 CURATELA::06.1 Curatela,http://hdl.handle.net/11311/1032566,2017,Una chimera del Novecento Il leone di Monterosso di Arturo Martini,"MAZZANTI, ANNA;Mannini, L.;Lucchesi, S.;Gensini, V."
06 CURATELA::06.1 Curatela,http://hdl.handle.net/11311/1032568,2017,art/tapes/22 Le origini della videoarte,"MAZZANTI, ANNA"
06 CURATELA::06.1 Curatela,http://hdl.handle.net/11311/1034704,2017,"Santa Maria di Piazza in Busto Arsizio. ""Chiesa di moltissima divotione, et fabrica non meno bella che vaga""","MARANI, PIETRO CESARE"
06 CURATELA::06.1 Curatela,http://hdl.handle.net/11311/1037549,2017,In the neighbourhood. Spatial Design and Urban Activation,B. Camocini;D. Fassi
06 CURATELA::06.1 Curatela,http://hdl.handle.net/11311/1038612,2017,Computational Morphologies. Design Rules between Organic Models and Responsive Architecture,M. Rossi;G. Buratti
06 CURATELA::06.1 Curatela,http://hdl.handle.net/11311/1043448,2017,"Un nuovo individualismo? Individualizzazione, soggettività e legame sociale",p. volonte;c. leccardi
06 CURATELA::06.1 Curatela,http://hdl.handle.net/11311/1044119,2017,Sociotechnical Environments: Proceedings of the 6th STS ITALIA CONFERENCE,"CRABU, STEFANO;P. Giardullo;F. Miele;M. Turrini"
06 CURATELA::06.1 Curatela,http://hdl.handle.net/11311/1044733,2017,NAUTICA +++. Additive Manufacturing in campo Navale e Nautico,A. Bionda;A. Ratti
06 CURATELA::06.1 Curatela,http://hdl.handle.net/11311/1045991,2017,ENVIRONMENTAL DESIGN - 2^  International Conference on Environmental Design,M. BISSON
06 CURATELA::06.1 Curatela,http://hdl.handle.net/11311/1047664,2017,Designing for Service. Key Issues and New Directions,"SANGIORGI, DANIELA;Prendiville, Alison"
06 CURATELA::06.1 Curatela,http://hdl.handle.net/11311/1050387,2017,Tangibile/Intangibile. Dialoghi sul Design per i Territori 02,M. Parente;E. Lupo;C. Sedini
06 CURATELA::06.1 Curatela,http://hdl.handle.net/11311/1050922,2017,Electric Vehicle Sharing Services for Smarter Cities,"BIGNAMI, DANIELE FABRIZIO;COLORNI VITALE, ALBERTO;LUE', ALESSANDRO;NOCERINO, ROBERTO;ROSSI, MATTEO GIOVANNI;S. M. Savaresi"
06 CURATELA::06.1 Curatela,http://hdl.handle.net/11311/1051658,2017,"Wireless Mobile Communication and Healthcare. 6.th International Conference, MobiHealth 2016 Milan, Italy, November 14–16, 2016 Proceedings.",P. Perego;G. Andreoni;G. Rizzo
06 CURATELA::06.1 Curatela,http://hdl.handle.net/11311/1047158,2018,WHAT'S FASHION IT'S METHOD,C. Lunghi;F. R. Rinaldi;M. Turinetto
06 CURATELA::06.1 Curatela,http://hdl.handle.net/11311/1049919,2018,Multidisciplinary Design of Sharing Services,M. Bruglieri
06 CURATELA::06.1 Curatela,http://hdl.handle.net/11311/1050322,2018,MuVi5. Video and moving image on synesthesia and visual music / MuVi5. Vídeo e imagen en movimiento sobre sinestesia y música visual,"Riccò, Dina;De Córdoba, María José"
06 CURATELA::06.1 Curatela,http://hdl.handle.net/11311/1052991,2018,"Maglia, punto. Quarant'anni di tesori nascosti nell'archivio MF1","Conti, Giovanni Maria"
06 CURATELA::06.1 Curatela,http://hdl.handle.net/11311/1060909,2018,Polimi Design PhD_018. 9 PhD Theses on Design as we do in Polimi,A. Biamonti;L. Guerrini;I. Mariani
06 CURATELA::06.1 Curatela,http://hdl.handle.net/11311/1063176,2018,Dialogues on Design. Notes on Doctoral Research in Design 2018,L. Guerrini;P. Volonté
06 CURATELA::06.1 Curatela,http://hdl.handle.net/11311/1065156,2018,Sharing design sustainable. Innovazione sociale: il flusso dei mezzi di trasporto sostenibile nelle aree metropolitane del futuro.,D. Bruno;G. Crivellaro
